mmsi,vessel_id,vessel_name,timestamp,lat,lon,sog,cog,nav_status,source
477001001,V001,NORMAL TRADER,2024-03-15T00:00:00Z,18.2892,65.15092,13.8,182.9,0,AIS_CLASS_A
477001001,V001,NORMAL TRADER,2024-03-15T00:11:00Z,18.24867,65.14824,13.6,182.0,0,AIS_CLASS_A
477001001,V001,NORMAL TRADER,2024-03-15T00:20:00Z,18.21556,65.14768,13.8,183.8,0,AIS_CLASS_A
477001001,V001,NORMAL TRADER,2024-03-15T00:27:00Z,18.18911,65.14673,13.8,182.5,0,AIS_CLASS_A
477001001,V001,NORMAL TRADER,2024-03-15T00:34:00Z,18.1627,65.14504,13.7,183.6,0,AIS_CLASS_A
477001001,V001,NORMAL TRADER,2024-03-15T00:39:00Z,18.14382,65.14424,13.6,181.3,0,AIS_CLASS_A
477001001,V001,NORMAL TRADER,2024-03-15T00:47:00Z,18.11506,65.14369,13.7,181.2,0,AIS_CLASS_A
477001001,V001,NORMAL TRADER,2024-03-15T00:52:00Z,18.09593,65.14263,13.9,184.1,0,AIS_CLASS_A
477001001,V001,NORMAL TRADER,2024-03-15T00:57:00Z,18.07513,65.142,14.0,185.3,0,AIS_CLASS_A
477001001,V001,NORMAL TRADER,2024-03-15T01:07:00Z,18.03775,65.13747,14.1,187.1,0,AIS_CLASS_A
477001001,V001,NORMAL TRADER,2024-03-15T01:14:00Z,18.01224,65.13351,14.3,188.2,0,AIS_CLASS_A
477001001,V001,NORMAL TRADER,2024-03-15T01:20:00Z,17.98823,65.12964,14.2,188.2,0,AIS_CLASS_A
477001001,V001,NORMAL TRADER,2024-03-15T01:30:00Z,17.9497,65.12443,14.3,187.7,0,AIS_CLASS_A
477001001,V001,NORMAL TRADER,2024-03-15T01:35:00Z,17.92955,65.11971,14.1,186.0,0,AIS_CLASS_A
477001001,V001,NORMAL TRADER,2024-03-15T01:45:00Z,17.89064,65.11694,14.1,186.4,0,AIS_CLASS_A
477001001,V001,NORMAL TRADER,2024-03-15T01:52:00Z,17.86191,65.11378,14.0,185.1,0,AIS_CLASS_A
477001001,V001,NORMAL TRADER,2024-03-15T01:59:00Z,17.83678,65.11309,14.1,186.5,0,AIS_CLASS_A
477001001,V001,NORMAL TRADER,2024-03-15T02:04:00Z,17.81631,65.10949,14.0,187.0,0,AIS_CLASS_A
477001001,V001,NORMAL TRADER,2024-03-15T02:11:00Z,17.78843,65.10589,14.1,186.9,0,AIS_CLASS_A
477001001,V001,NORMAL TRADER,2024-03-15T02:17:00Z,17.76515,65.10167,14.4,188.8,0,AIS_CLASS_A
477001001,V001,NORMAL TRADER,2024-03-15T02:28:00Z,17.72059,65.09506,14.4,188.4,0,AIS_CLASS_A
477001001,V001,NORMAL TRADER,2024-03-15T02:37:00Z,17.68615,65.09006,14.4,187.1,0,AIS_CLASS_A
477001001,V001,NORMAL TRADER,2024-03-15T02:44:00Z,17.6583,65.0856,14.4,187.4,0,AIS_CLASS_A
477001001,V001,NORMAL TRADER,2024-03-15T02:52:00Z,17.62633,65.08168,14.1,184.1,0,AIS_CLASS_A
477001001,V001,NORMAL TRADER,2024-03-15T02:57:00Z,17.60715,65.08036,13.9,185.4,0,AIS_CLASS_A
477001001,V001,NORMAL TRADER,2024-03-15T03:06:00Z,17.57017,65.07607,13.8,184.8,0,AIS_CLASS_A
477001001,V001,NORMAL TRADER,2024-03-15T03:16:00Z,17.53131,65.07366,13.6,182.6,0,AIS_CLASS_A
477001001,V001,NORMAL TRADER,2024-03-15T03:24:00Z,17.50079,65.07356,13.6,183.6,0,AIS_CLASS_A
477001001,V001,NORMAL TRADER,2024-03-15T03:34:00Z,17.46125,65.07041,13.5,184.1,0,AIS_CLASS_A
477001001,V001,NORMAL TRADER,2024-03-15T03:43:00Z,17.42784,65.06707,13.7,182.4,0,AIS_CLASS_A
477001001,V001,NORMAL TRADER,2024-03-15T03:49:00Z,17.40505,65.06613,14.1,183.8,0,AIS_CLASS_A
477001001,V001,NORMAL TRADER,2024-03-15T03:55:00Z,17.38313,65.0655,14.3,183.4,0,AIS_CLASS_A
477001001,V001,NORMAL TRADER,2024-03-15T04:06:00Z,17.33945,65.06439,14.4,185.1,0,AIS_CLASS_A
477001001,V001,NORMAL TRADER,2024-03-15T04:16:00Z,17.29976,65.05981,14.4,184.0,0,AIS_CLASS_A
477001001,V001,NORMAL TRADER,2024-03-15T04:26:00Z,17.25969,65.05619,14.3,186.5,0,AIS_CLASS_A
477001001,V001,NORMAL TRADER,2024-03-15T04:31:00Z,17.23996,65.05164,14.2,190.4,0,AIS_CLASS_A
477001001,V001,NORMAL TRADER,2024-03-15T04:38:00Z,17.21357,65.04426,13.9,190.2,0,AIS_CLASS_A
477001001,V001,NORMAL TRADER,2024-03-15T04:48:00Z,17.17694,65.03792,14.0,191.1,0,AIS_CLASS_A
477001001,V001,NORMAL TRADER,2024-03-15T04:55:00Z,17.14855,65.0313,14.2,191.9,0,AIS_CLASS_A
477001001,V001,NORMAL TRADER,2024-03-15T05:00:00Z,17.12978,65.02757,14.3,193.0,0,AIS_CLASS_A
477001001,V001,NORMAL TRADER,2024-03-15T05:07:00Z,17.10153,65.022,14.0,191.6,0,AIS_CLASS_A
477001001,V001,NORMAL TRADER,2024-03-15T05:12:00Z,17.08111,65.01681,13.9,191.8,0,AIS_CLASS_A
477001001,V001,NORMAL TRADER,2024-03-15T05:20:00Z,17.05005,65.01068,14.0,193.4,0,AIS_CLASS_A
477001001,V001,NORMAL TRADER,2024-03-15T05:27:00Z,17.02206,65.00471,13.9,193.4,0,AIS_CLASS_A
477001001,V001,NORMAL TRADER,2024-03-15T05:37:00Z,16.98428,64.99497,13.5,191.9,0,AIS_CLASS_A
477001001,V001,NORMAL TRADER,2024-03-15T05:44:00Z,16.95888,64.99067,13.5,193.6,0,AIS_CLASS_A
477001001,V001,NORMAL TRADER,2024-03-15T05:50:00Z,16.93783,64.98669,13.5,192.5,0,AIS_CLASS_A
477001001,V001,NORMAL TRADER,2024-03-15T05:57:00Z,16.91091,64.97967,13.4,193.5,0,AIS_CLASS_A
477001001,V001,NORMAL TRADER,2024-03-15T06:04:00Z,16.88607,64.9732,13.4,195.4,0,AIS_CLASS_A
477001001,V001,NORMAL TRADER,2024-03-15T06:15:00Z,16.84621,64.96081,14.0,193.0,0,AIS_CLASS_A
477001001,V001,NORMAL TRADER,2024-03-15T06:23:00Z,16.81628,64.95453,14.1,191.7,0,AIS_CLASS_A
477001001,V001,NORMAL TRADER,2024-03-15T06:34:00Z,16.77476,64.94579,14.5,190.4,0,AIS_CLASS_A
477001001,V001,NORMAL TRADER,2024-03-15T06:41:00Z,16.74858,64.94032,14.7,192.1,0,AIS_CLASS_A
477001001,V001,NORMAL TRADER,2024-03-15T06:46:00Z,16.72916,64.936,14.4,192.1,0,AIS_CLASS_A
477001001,V001,NORMAL TRADER,2024-03-15T06:54:00Z,16.69741,64.92945,14.6,191.7,0,AIS_CLASS_A
477001001,V001,NORMAL TRADER,2024-03-15T07:03:00Z,16.66075,64.92043,14.6,190.4,0,AIS_CLASS_A
477001001,V001,NORMAL TRADER,2024-03-15T07:08:00Z,16.64054,64.9139,14.9,191.2,0,AIS_CLASS_A
477001001,V001,NORMAL TRADER,2024-03-15T07:14:00Z,16.61657,64.90809,14.8,193.1,0,AIS_CLASS_A
477001001,V001,NORMAL TRADER,2024-03-15T07:21:00Z,16.58838,64.90272,14.7,194.5,0,AIS_CLASS_A
477001001,V001,NORMAL TRADER,2024-03-15T07:31:00Z,16.54942,64.89308,15.1,196.8,0,AIS_CLASS_A
477001001,V001,NORMAL TRADER,2024-03-15T07:42:00Z,16.50451,64.87835,15.0,197.6,0,AIS_CLASS_A
477001001,V001,NORMAL TRADER,2024-03-15T07:50:00Z,16.47178,64.86881,14.9,195.7,0,AIS_CLASS_A
477001001,V001,NORMAL TRADER,2024-03-15T08:01:00Z,16.42718,64.85557,14.6,196.7,0,AIS_CLASS_A
477001001,V001,NORMAL TRADER,2024-03-15T08:10:00Z,16.39074,64.84434,14.8,197.1,0,AIS_CLASS_A
477001001,V001,NORMAL TRADER,2024-03-15T08:17:00Z,16.36305,64.83804,15.0,198.5,0,AIS_CLASS_A
477001001,V001,NORMAL TRADER,2024-03-15T08:27:00Z,16.32323,64.82381,15.0,197.1,0,AIS_CLASS_A
477001001,V001,NORMAL TRADER,2024-03-15T08:34:00Z,16.29227,64.81438,14.7,197.0,0,AIS_CLASS_A
477001001,V001,NORMAL TRADER,2024-03-15T08:40:00Z,16.26919,64.80749,14.3,197.5,0,AIS_CLASS_A
477001001,V001,NORMAL TRADER,2024-03-15T08:46:00Z,16.24834,64.7998,14.3,202.0,0,AIS_CLASS_A
477001001,V001,NORMAL TRADER,2024-03-15T08:54:00Z,16.21848,64.78804,14.4,204.6,0,AIS_CLASS_A
477001001,V001,NORMAL TRADER,2024-03-15T09:03:00Z,16.18681,64.77313,14.5,202.1,0,AIS_CLASS_A
477001001,V001,NORMAL TRADER,2024-03-15T09:13:00Z,16.14999,64.75636,14.4,204.1,0,AIS_CLASS_A
477001001,V001,NORMAL TRADER,2024-03-15T09:24:00Z,16.11196,64.7373,14.1,205.4,0,AIS_CLASS_A
477001001,V001,NORMAL TRADER,2024-03-15T09:32:00Z,16.08286,64.72386,14.4,207.6,0,AIS_CLASS_A
477001001,V001,NORMAL TRADER,2024-03-15T09:39:00Z,16.05752,64.7092,14.1,207.1,0,AIS_CLASS_A
477001001,V001,NORMAL TRADER,2024-03-15T09:46:00Z,16.03339,64.69675,13.9,204.9,0,AIS_CLASS_A
477001001,V001,NORMAL TRADER,2024-03-15T09:52:00Z,16.01133,64.68688,13.5,205.5,0,AIS_CLASS_A
477001001,V001,NORMAL TRADER,2024-03-15T10:00:00Z,15.98618,64.67165,13.7,204.1,0,AIS_CLASS_A
477001001,V001,NORMAL TRADER,2024-03-15T10:07:00Z,15.96117,64.65999,13.3,203.8,0,AIS_CLASS_A
477001001,V001,NORMAL TRADER,2024-03-15T10:15:00Z,15.93291,64.6472,13.3,203.8,0,AIS_CLASS_A
477001001,V001,NORMAL TRADER,2024-03-15T10:20:00Z,15.91603,64.63867,13.7,204.1,0,AIS_CLASS_A
477001001,V001,NORMAL TRADER,2024-03-15T10:27:00Z,15.88847,64.62621,13.4,202.3,0,AIS_CLASS_A
477001001,V001,NORMAL TRADER,2024-03-15T10:34:00Z,15.86378,64.61508,13.5,202.1,0,AIS_CLASS_A
477001001,V001,NORMAL TRADER,2024-03-15T10:42:00Z,15.83665,64.60326,13.2,199.1,0,AIS_CLASS_A
477001001,V001,NORMAL TRADER,2024-03-15T10:53:00Z,15.79738,64.58923,13.2,196.1,0,AIS_CLASS_A
477001001,V001,NORMAL TRADER,2024-03-15T11:01:00Z,15.76967,64.58212,13.3,195.6,0,AIS_CLASS_A
477001001,V001,NORMAL TRADER,2024-03-15T11:12:00Z,15.73059,64.57141,13.1,197.0,0,AIS_CLASS_A
477001001,V001,NORMAL TRADER,2024-03-15T11:20:00Z,15.70175,64.5636,13.3,197.8,0,AIS_CLASS_A
477001001,V001,NORMAL TRADER,2024-03-15T11:29:00Z,15.66928,64.55316,12.9,198.5,0,AIS_CLASS_A
477001001,V001,NORMAL TRADER,2024-03-15T11:35:00Z,15.64924,64.5463,12.8,197.4,0,AIS_CLASS_A
477001001,V001,NORMAL TRADER,2024-03-15T11:40:00Z,15.63292,64.54129,12.9,198.5,0,AIS_CLASS_A
477001001,V001,NORMAL TRADER,2024-03-15T11:47:00Z,15.6096,64.53282,13.0,195.9,0,AIS_CLASS_A
477001001,V001,NORMAL TRADER,2024-03-15T11:54:00Z,15.5839,64.52448,13.1,195.1,0,AIS_CLASS_A
477001002,V002,GULF CARRIER,2024-03-15T00:00:00Z,17.05274,66.1244,11.9,246.3,0,AIS_CLASS_A
477001002,V002,GULF CARRIER,2024-03-15T00:06:00Z,17.0445,66.10595,11.6,245.0,0,AIS_CLASS_A
477001002,V002,GULF CARRIER,2024-03-15T00:16:00Z,17.03026,66.07483,12.0,245.5,0,AIS_CLASS_A
477001002,V002,GULF CARRIER,2024-03-15T00:27:00Z,17.01701,66.04084,12.3,242.8,0,AIS_CLASS_A
477001002,V002,GULF CARRIER,2024-03-15T00:32:00Z,17.00936,66.02577,12.1,241.3,0,AIS_CLASS_A
477001002,V002,GULF CARRIER,2024-03-15T00:38:00Z,16.99957,66.00723,12.2,241.2,0,AIS_CLASS_A
477001002,V002,GULF CARRIER,2024-03-15T00:49:00Z,16.98302,65.97146,12.4,243.2,0,AIS_CLASS_A
477001002,V002,GULF CARRIER,2024-03-15T00:55:00Z,16.97372,65.95189,12.3,244.3,0,AIS_CLASS_A
477001002,V002,GULF CARRIER,2024-03-15T01:05:00Z,16.95912,65.91881,12.5,246.6,0,AIS_CLASS_A
477001002,V002,GULF CARRIER,2024-03-15T01:16:00Z,16.94427,65.88403,12.4,248.8,0,AIS_CLASS_A
477001002,V002,GULF CARRIER,2024-03-15T01:26:00Z,16.93198,65.85092,12.5,250.1,0,AIS_CLASS_A
477001002,V002,GULF CARRIER,2024-03-15T01:31:00Z,16.92624,65.83249,12.5,249.7,0,AIS_CLASS_A
477001002,V002,GULF CARRIER,2024-03-15T01:42:00Z,16.91234,65.79482,12.5,248.1,0,AIS_CLASS_A
477001002,V002,GULF CARRIER,2024-03-15T01:51:00Z,16.89952,65.76624,12.7,247.5,0,AIS_CLASS_A
477001002,V002,GULF CARRIER,2024-03-15T01:58:00Z,16.89016,65.74381,13.1,247.3,0,AIS_CLASS_A
477001002,V002,GULF CARRIER,2024-03-15T02:09:00Z,16.87397,65.70568,13.1,248.3,0,AIS_CLASS_A
477001002,V002,GULF CARRIER,2024-03-15T02:16:00Z,16.86597,65.68053,12.9,248.4,0,AIS_CLASS_A
477001002,V002,GULF CARRIER,2024-03-15T02:22:00Z,16.85805,65.65803,13.0,250.2,0,AIS_CLASS_A
477001002,V002,GULF CARRIER,2024-03-15T02:31:00Z,16.84704,65.62723,12.8,252.5,0,AIS_CLASS_A
477001002,V002,GULF CARRIER,2024-03-15T02:40:00Z,16.83687,65.59458,13.0,253.7,0,AIS_CLASS_A
477001002,V002,GULF CARRIER,2024-03-15T02:51:00Z,16.82468,65.55466,12.8,253.4,0,AIS_CLASS_A
477001002,V002,GULF CARRIER,2024-03-15T02:57:00Z,16.81976,65.53544,12.7,256.0,0,AIS_CLASS_A
477001002,V002,GULF CARRIER,2024-03-15T03:43:00Z,16.80852,65.49502,12.5,256.8,0,AIS_CLASS_A
477001002,V002,GULF CARRIER,2024-03-15T03:48:00Z,16.80629,65.47717,12.5,257.8,0,AIS_CLASS_A
477001002,V002,GULF CARRIER,2024-03-15T03:56:00Z,16.80106,65.4498,12.3,257.4,0,AIS_CLASS_A
477001002,V002,GULF CARRIER,2024-03-15T04:05:00Z,16.79319,65.41947,12.4,257.9,0,AIS_CLASS_A
477001002,V002,GULF CARRIER,2024-03-15T04:13:00Z,16.78584,65.39271,12.4,257.2,0,AIS_CLASS_A
477001002,V002,GULF CARRIER,2024-03-15T04:18:00Z,16.78161,65.3742,12.3,258.7,0,AIS_CLASS_A
477001002,V002,GULF CARRIER,2024-03-15T04:25:00Z,16.77625,65.35089,12.1,256.6,0,AIS_CLASS_A
477001002,V002,GULF CARRIER,2024-03-15T04:32:00Z,16.77192,65.32633,11.9,256.5,0,AIS_CLASS_A
477001002,V002,GULF CARRIER,2024-03-15T04:39:00Z,16.76532,65.30246,11.6,256.7,0,AIS_CLASS_A
477001002,V002,GULF CARRIER,2024-03-15T04:46:00Z,16.75961,65.27706,11.8,255.2,0,AIS_CLASS_A
477001002,V002,GULF CARRIER,2024-03-15T04:56:00Z,16.75094,65.24452,11.9,256.8,0,AIS_CLASS_A
477001002,V002,GULF CARRIER,2024-03-15T05:06:00Z,16.74401,65.21092,12.1,256.2,0,AIS_CLASS_A
477001002,V002,GULF CARRIER,2024-03-15T05:11:00Z,16.74041,65.19407,12.1,258.5,0,AIS_CLASS_A
477001002,V002,GULF CARRIER,2024-03-15T05:22:00Z,16.73171,65.15713,12.3,258.6,0,AIS_CLASS_A
477001002,V002,GULF CARRIER,2024-03-15T05:29:00Z,16.72658,65.134,12.4,260.5,0,AIS_CLASS_A
477001002,V002,GULF CARRIER,2024-03-15T05:40:00Z,16.72034,65.09415,12.1,260.6,0,AIS_CLASS_A
477001002,V002,GULF CARRIER,2024-03-15T05:50:00Z,16.71369,65.05804,12.2,262.0,0,AIS_CLASS_A
477001002,V002,GULF CARRIER,2024-03-15T05:57:00Z,16.71016,65.03482,11.9,261.8,0,AIS_CLASS_A
477001002,V002,GULF CARRIER,2024-03-15T06:03:00Z,16.70667,65.01443,11.8,263.5,0,AIS_CLASS_A
477001002,V002,GULF CARRIER,2024-03-15T06:14:00Z,16.70294,64.97676,11.5,261.1,0,AIS_CLASS_A
477001002,V002,GULF CARRIER,2024-03-15T06:23:00Z,16.69801,64.9455,11.6,259.2,0,AIS_CLASS_A
477001002,V002,GULF CARRIER,2024-03-15T06:34:00Z,16.69179,64.9083,11.3,259.7,0,AIS_CLASS_A
477001002,V002,GULF CARRIER,2024-03-15T06:41:00Z,16.68851,64.88522,11.5,263.0,0,AIS_CLASS_A
477001002,V002,GULF CARRIER,2024-03-15T06:51:00Z,16.68501,64.8536,11.4,262.2,0,AIS_CLASS_A
477001002,V002,GULF CARRIER,2024-03-15T06:57:00Z,16.68158,64.83449,11.4,261.1,0,AIS_CLASS_A
477001002,V002,GULF CARRIER,2024-03-15T07:06:00Z,16.67857,64.80302,11.6,259.2,0,AIS_CLASS_A
477001002,V002,GULF CARRIER,2024-03-15T07:13:00Z,16.67639,64.78017,11.6,259.3,0,AIS_CLASS_A
477001002,V002,GULF CARRIER,2024-03-15T07:24:00Z,16.66983,64.74293,11.4,261.0,0,AIS_CLASS_A
477001002,V002,GULF CARRIER,2024-03-15T07:33:00Z,16.66563,64.71354,11.4,259.4,0,AIS_CLASS_A
477001002,V002,GULF CARRIER,2024-03-15T07:39:00Z,16.66301,64.69528,11.5,260.2,0,AIS_CLASS_A
477001002,V002,GULF CARRIER,2024-03-15T07:46:00Z,16.65965,64.67029,11.6,259.0,0,AIS_CLASS_A
477001002,V002,GULF CARRIER,2024-03-15T07:56:00Z,16.65423,64.63675,11.4,260.9,0,AIS_CLASS_A
477001002,V002,GULF CARRIER,2024-03-15T08:05:00Z,16.64827,64.60766,11.4,260.1,0,AIS_CLASS_A
477001002,V002,GULF CARRIER,2024-03-15T08:10:00Z,16.64594,64.59182,11.1,260.8,0,AIS_CLASS_A
477001002,V002,GULF CARRIER,2024-03-15T08:19:00Z,16.64088,64.56255,11.1,262.0,0,AIS_CLASS_A
477001002,V002,GULF CARRIER,2024-03-15T08:26:00Z,16.63801,64.53967,11.4,264.2,0,AIS_CLASS_A
477001002,V002,GULF CARRIER,2024-03-15T08:37:00Z,16.6357,64.50506,11.5,263.3,0,AIS_CLASS_A
477001002,V002,GULF CARRIER,2024-03-15T08:46:00Z,16.63375,64.47381,11.7,261.8,0,AIS_CLASS_A
477001002,V002,GULF CARRIER,2024-03-15T08:54:00Z,16.62915,64.44602,11.9,260.9,0,AIS_CLASS_A
477001002,V002,GULF CARRIER,2024-03-15T09:00:00Z,16.62555,64.42547,11.7,262.4,0,AIS_CLASS_A
477001002,V002,GULF CARRIER,2024-03-15T09:07:00Z,16.62211,64.39994,11.8,263.4,0,AIS_CLASS_A
477001002,V002,GULF CARRIER,2024-03-15T09:17:00Z,16.618,64.36327,11.9,262.5,0,AIS_CLASS_A
477001002,V002,GULF CARRIER,2024-03-15T09:24:00Z,16.61316,64.3378,11.7,263.0,0,AIS_CLASS_A
477001002,V002,GULF CARRIER,2024-03-15T09:34:00Z,16.60975,64.30576,11.8,262.1,0,AIS_CLASS_A
477001002,V002,GULF CARRIER,2024-03-15T09:42:00Z,16.60822,64.27896,11.6,262.0,0,AIS_CLASS_A
477001002,V002,GULF CARRIER,2024-03-15T09:53:00Z,16.60305,64.24323,11.5,264.3,0,AIS_CLASS_A
477001002,V002,GULF CARRIER,2024-03-15T10:02:00Z,16.60034,64.2135,11.6,265.2,0,AIS_CLASS_A
477001002,V002,GULF CARRIER,2024-03-15T10:11:00Z,16.59778,64.18349,11.4,265.2,0,AIS_CLASS_A
477001002,V002,GULF CARRIER,2024-03-15T10:17:00Z,16.59535,64.16441,11.5,261.8,0,AIS_CLASS_A
477001002,V002,GULF CARRIER,2024-03-15T10:24:00Z,16.59212,64.13983,11.4,261.5,0,AIS_CLASS_A
477001002,V002,GULF CARRIER,2024-03-15T10:35:00Z,16.58826,64.106,11.8,261.5,0,AIS_CLASS_A
477001002,V002,GULF CARRIER,2024-03-15T10:44:00Z,16.58387,64.07634,12.0,261.7,0,AIS_CLASS_A
477001002,V002,GULF CARRIER,2024-03-15T10:49:00Z,16.5828,64.05857,12.2,261.1,0,AIS_CLASS_A
477001002,V002,GULF CARRIER,2024-03-15T10:58:00Z,16.57668,64.02638,12.3,261.1,0,AIS_CLASS_A
477001002,V002,GULF CARRIER,2024-03-15T11:08:00Z,16.57216,63.99201,12.5,261.4,0,AIS_CLASS_A
477001002,V002,GULF CARRIER,2024-03-15T11:13:00Z,16.56957,63.97315,12.8,261.0,0,AIS_CLASS_A
477001002,V002,GULF CARRIER,2024-03-15T11:22:00Z,16.5637,63.941,12.8,259.9,0,AIS_CLASS_A
477001002,V002,GULF CARRIER,2024-03-15T11:29:00Z,16.5598,63.91723,12.7,260.7,0,AIS_CLASS_A
477001002,V002,GULF CARRIER,2024-03-15T11:39:00Z,16.55395,63.88122,12.7,261.3,0,AIS_CLASS_A
477001002,V002,GULF CARRIER,2024-03-15T11:47:00Z,16.55051,63.85044,12.8,260.8,0,AIS_CLASS_A
477001002,V002,GULF CARRIER,2024-03-15T11:52:00Z,16.54838,63.83131,13.1,261.7,0,AIS_CLASS_A
477001002,V002,GULF CARRIER,2024-03-15T11:57:00Z,16.54639,63.81231,12.8,263.7,0,AIS_CLASS_A
477001003,V003,ARABIAN PHANTOM,2024-03-15T00:00:00Z,15.26578,62.27784,13.0,193.3,0,AIS_CLASS_A
477001003,V003,ARABIAN PHANTOM,2024-03-15T00:06:00Z,15.24384,62.27148,12.8,191.0,0,AIS_CLASS_A
477001003,V003,ARABIAN PHANTOM,2024-03-15T00:16:00Z,15.20698,62.26384,13.0,189.6,0,AIS_CLASS_A
477001003,V003,ARABIAN PHANTOM,2024-03-15T00:21:00Z,15.18803,62.26157,12.9,188.5,0,AIS_CLASS_A
477001003,V003,ARABIAN PHANTOM,2024-03-15T00:28:00Z,15.16297,62.2576,12.6,189.2,0,AIS_CLASS_A
477001003,V003,ARABIAN PHANTOM,2024-03-15T00:33:00Z,15.14435,62.2553,12.8,187.4,0,AIS_CLASS_A
477001003,V003,ARABIAN PHANTOM,2024-03-15T00:40:00Z,15.11968,62.25164,12.8,190.7,0,AIS_CLASS_A
477001003,V003,ARABIAN PHANTOM,2024-03-15T00:50:00Z,15.08506,62.2455,13.0,191.4,0,AIS_CLASS_A
477001003,V003,ARABIAN PHANTOM,2024-03-15T01:00:00Z,15.05043,62.23689,12.9,190.8,0,AIS_CLASS_A
477001003,V003,ARABIAN PHANTOM,2024-03-15T01:10:00Z,15.01385,62.22995,12.7,191.5,0,AIS_CLASS_A
477001003,V003,ARABIAN PHANTOM,2024-03-15T01:16:00Z,14.99315,62.22569,12.6,191.0,0,AIS_CLASS_A
477001003,V003,ARABIAN PHANTOM,2024-03-15T01:27:00Z,14.95409,62.21799,12.4,191.1,0,AIS_CLASS_A
477001003,V003,ARABIAN PHANTOM,2024-03-15T01:34:00Z,14.93047,62.21224,13.0,192.9,0,AIS_CLASS_A
477001003,V003,ARABIAN PHANTOM,2024-03-15T01:40:00Z,14.91106,62.20621,12.4,192.5,0,AIS_CLASS_A
477001003,V003,ARABIAN PHANTOM,2024-03-15T01:46:00Z,14.89026,62.20219,12.5,191.1,0,AIS_CLASS_A
477001003,V003,ARABIAN PHANTOM,2024-03-15T01:53:00Z,14.86688,62.19752,12.6,190.4,0,AIS_CLASS_A
477001003,V003,ARABIAN PHANTOM,2024-03-15T01:58:00Z,14.85036,62.1928,12.3,191.0,0,AIS_CLASS_A
477001003,V003,ARABIAN PHANTOM,2024-03-15T02:09:00Z,17.00275,64.09758,12.2,191.6,0,AIS_CLASS_A
477001003,V003,ARABIAN PHANTOM,2024-03-15T02:15:00Z,16.98199,64.09362,12.2,191.3,0,AIS_CLASS_A
477001003,V003,ARABIAN PHANTOM,2024-03-15T02:25:00Z,16.94738,64.08692,12.5,191.1,0,AIS_CLASS_A
477001003,V003,ARABIAN PHANTOM,2024-03-15T02:34:00Z,16.9171,64.07987,12.6,191.3,0,AIS_CLASS_A
477001003,V003,ARABIAN PHANTOM,2024-03-15T02:39:00Z,16.89956,64.07612,12.7,189.8,0,AIS_CLASS_A
477001003,V003,ARABIAN PHANTOM,2024-03-15T02:46:00Z,16.87475,64.0707,12.8,189.9,0,AIS_CLASS_A
477001003,V003,ARABIAN PHANTOM,2024-03-15T02:57:00Z,16.83709,64.06296,12.9,189.3,0,AIS_CLASS_A
477001003,V003,ARABIAN PHANTOM,2024-03-15T03:06:00Z,16.80447,64.05858,13.1,191.7,0,AIS_CLASS_A
477001003,V003,ARABIAN PHANTOM,2024-03-15T03:16:00Z,16.76856,64.05197,12.9,192.7,0,AIS_CLASS_A
477001003,V003,ARABIAN PHANTOM,2024-03-15T03:22:00Z,16.74693,64.04787,13.3,192.7,0,AIS_CLASS_A
477001003,V003,ARABIAN PHANTOM,2024-03-15T03:31:00Z,16.71399,64.04182,13.3,193.8,0,AIS_CLASS_A
477001003,V003,ARABIAN PHANTOM,2024-03-15T03:37:00Z,16.69259,64.03609,13.3,193.6,0,AIS_CLASS_A
477001003,V003,ARABIAN PHANTOM,2024-03-15T03:47:00Z,16.65613,64.02721,13.7,192.0,0,AIS_CLASS_A
477001003,V003,ARABIAN PHANTOM,2024-03-15T03:58:00Z,16.61558,64.01641,13.5,189.3,0,AIS_CLASS_A
477001003,V003,ARABIAN PHANTOM,2024-03-15T04:09:00Z,16.57496,64.00896,13.7,191.0,0,AIS_CLASS_A
477001003,V003,ARABIAN PHANTOM,2024-03-15T04:19:00Z,16.53719,64.0016,13.4,189.6,0,AIS_CLASS_A
477001003,V003,ARABIAN PHANTOM,2024-03-15T04:29:00Z,16.5019,63.99414,13.0,191.5,0,AIS_CLASS_A
477001003,V003,ARABIAN PHANTOM,2024-03-15T04:35:00Z,16.47894,63.99084,12.9,191.1,0,AIS_CLASS_A
477001003,V003,ARABIAN PHANTOM,2024-03-15T04:41:00Z,16.45836,63.98652,12.7,192.1,0,AIS_CLASS_A
477001003,V003,ARABIAN PHANTOM,2024-03-15T04:52:00Z,16.41987,63.97821,12.8,191.3,0,AIS_CLASS_A
477001003,V003,ARABIAN PHANTOM,2024-03-15T05:01:00Z,16.39037,63.97086,12.9,189.7,0,AIS_CLASS_A
477001003,V003,ARABIAN PHANTOM,2024-03-15T05:12:00Z,16.3523,63.96308,12.7,189.3,0,AIS_CLASS_A
477001003,V003,ARABIAN PHANTOM,2024-03-15T05:21:00Z,16.32061,63.95768,12.6,189.5,0,AIS_CLASS_A
477001003,V003,ARABIAN PHANTOM,2024-03-15T05:30:00Z,16.28981,63.95196,12.6,191.9,0,AIS_CLASS_A
477001003,V003,ARABIAN PHANTOM,2024-03-15T05:38:00Z,16.26277,63.94545,12.9,192.6,0,AIS_CLASS_A
477001003,V003,ARABIAN PHANTOM,2024-03-15T05:43:00Z,16.24696,63.94074,12.8,191.7,0,AIS_CLASS_A
477001003,V003,ARABIAN PHANTOM,2024-03-15T05:49:00Z,16.22479,63.93464,12.8,192.0,0,AIS_CLASS_A
477001003,V003,ARABIAN PHANTOM,2024-03-15T05:57:00Z,16.19715,63.92948,12.9,189.8,0,AIS_CLASS_A
477001003,V003,ARABIAN PHANTOM,2024-03-15T06:08:00Z,16.15798,63.92224,12.8,191.3,0,AIS_CLASS_A
477001003,V003,ARABIAN PHANTOM,2024-03-15T06:19:00Z,16.11846,63.91562,13.0,188.0,0,AIS_CLASS_A
477001003,V003,ARABIAN PHANTOM,2024-03-15T06:25:00Z,16.09591,63.9118,13.0,184.8,0,AIS_CLASS_A
477001003,V003,ARABIAN PHANTOM,2024-03-15T06:33:00Z,16.06792,63.90898,13.0,182.0,0,AIS_CLASS_A
477001003,V003,ARABIAN PHANTOM,2024-03-15T06:42:00Z,16.0355,63.90689,13.1,179.2,0,AIS_CLASS_A
477001003,V003,ARABIAN PHANTOM,2024-03-15T06:47:00Z,16.01722,63.90643,13.3,180.2,0,AIS_CLASS_A
477001003,V003,ARABIAN PHANTOM,2024-03-15T06:54:00Z,15.99207,63.90821,13.2,182.4,0,AIS_CLASS_A
477001003,V003,ARABIAN PHANTOM,2024-03-15T06:59:00Z,15.97238,63.90716,13.5,185.6,0,AIS_CLASS_A
477001003,V003,ARABIAN PHANTOM,2024-03-15T07:06:00Z,15.94842,63.9038,13.4,186.1,0,AIS_CLASS_A
477001003,V003,ARABIAN PHANTOM,2024-03-15T07:17:00Z,15.90715,63.8995,13.2,186.3,0,AIS_CLASS_A
477001003,V003,ARABIAN PHANTOM,2024-03-15T07:27:00Z,15.8701,63.89505,12.9,186.0,0,AIS_CLASS_A
477001003,V003,ARABIAN PHANTOM,2024-03-15T07:33:00Z,15.84843,63.89387,12.8,186.7,0,AIS_CLASS_A
477001003,V003,ARABIAN PHANTOM,2024-03-15T07:39:00Z,15.82712,63.8911,12.7,184.8,0,AIS_CLASS_A
477001003,V003,ARABIAN PHANTOM,2024-03-15T07:44:00Z,15.80979,63.88857,12.9,181.5,0,AIS_CLASS_A
477001003,V003,ARABIAN PHANTOM,2024-03-15T07:50:00Z,15.7894,63.88991,12.9,184.0,0,AIS_CLASS_A
477001003,V003,ARABIAN PHANTOM,2024-03-15T07:58:00Z,15.76141,63.88756,13.0,184.4,0,AIS_CLASS_A
477001003,V003,ARABIAN PHANTOM,2024-03-15T08:05:00Z,15.73586,63.88614,12.7,183.2,0,AIS_CLASS_A
477001003,V003,ARABIAN PHANTOM,2024-03-15T08:10:00Z,15.71807,63.88605,12.5,182.0,0,AIS_CLASS_A
477001003,V003,ARABIAN PHANTOM,2024-03-15T08:20:00Z,15.68291,63.88459,12.5,183.4,0,AIS_CLASS_A
477001003,V003,ARABIAN PHANTOM,2024-03-15T08:27:00Z,15.6601,63.88293,12.7,182.7,0,AIS_CLASS_A
477001003,V003,ARABIAN PHANTOM,2024-03-15T08:34:00Z,15.6352,63.88008,12.4,181.4,0,AIS_CLASS_A
477001003,V003,ARABIAN PHANTOM,2024-03-15T08:39:00Z,15.61754,63.87959,12.7,180.3,0,AIS_CLASS_A
477001003,V003,ARABIAN PHANTOM,2024-03-15T08:44:00Z,15.60104,63.87882,12.9,179.8,0,AIS_CLASS_A
477001003,V003,ARABIAN PHANTOM,2024-03-15T08:53:00Z,15.56754,63.87717,13.0,178.1,0,AIS_CLASS_A
477001003,V003,ARABIAN PHANTOM,2024-03-15T09:01:00Z,15.53856,63.87908,12.9,178.5,0,AIS_CLASS_A
477001003,V003,ARABIAN PHANTOM,2024-03-15T09:08:00Z,15.51524,63.88089,12.9,180.4,0,AIS_CLASS_A
477001003,V003,ARABIAN PHANTOM,2024-03-15T09:14:00Z,15.49322,63.88154,13.0,181.5,0,AIS_CLASS_A
477001003,V003,ARABIAN PHANTOM,2024-03-15T09:24:00Z,15.45626,63.88099,13.0,179.7,0,AIS_CLASS_A
477001003,V003,ARABIAN PHANTOM,2024-03-15T09:29:00Z,15.43664,63.88153,12.7,178.4,0,AIS_CLASS_A
477001003,V003,ARABIAN PHANTOM,2024-03-15T09:36:00Z,15.41194,63.88344,12.8,178.9,0,AIS_CLASS_A
477001003,V003,ARABIAN PHANTOM,2024-03-15T09:46:00Z,15.37681,63.88287,13.0,176.7,0,AIS_CLASS_A
477001003,V003,ARABIAN PHANTOM,2024-03-15T09:51:00Z,15.35916,63.88501,12.8,180.2,0,AIS_CLASS_A
477001003,V003,ARABIAN PHANTOM,2024-03-15T10:01:00Z,15.32211,63.88675,12.9,180.7,0,AIS_CLASS_A
477001003,V003,ARABIAN PHANTOM,2024-03-15T10:11:00Z,15.28618,63.88599,12.8,177.8,0,AIS_CLASS_A
477001003,V003,ARABIAN PHANTOM,2024-03-15T10:18:00Z,15.26122,63.88821,12.6,179.4,0,AIS_CLASS_A
477001003,V003,ARABIAN PHANTOM,2024-03-15T10:28:00Z,15.22588,63.88934,12.9,178.8,0,AIS_CLASS_A
477001003,V003,ARABIAN PHANTOM,2024-03-15T10:36:00Z,15.19836,63.89086,12.5,178.4,0,AIS_CLASS_A
477001003,V003,ARABIAN PHANTOM,2024-03-15T10:43:00Z,15.1747,63.89349,12.6,179.8,0,AIS_CLASS_A
477001003,V003,ARABIAN PHANTOM,2024-03-15T10:49:00Z,15.15509,63.89177,12.7,180.6,0,AIS_CLASS_A
477001003,V003,ARABIAN PHANTOM,2024-03-15T10:58:00Z,15.12407,63.8918,12.6,178.4,0,AIS_CLASS_A
477001003,V003,ARABIAN PHANTOM,2024-03-15T11:05:00Z,15.09951,63.89196,12.7,178.9,0,AIS_CLASS_A
477001003,V003,ARABIAN PHANTOM,2024-03-15T11:11:00Z,15.07909,63.89297,12.6,179.3,0,AIS_CLASS_A
477001003,V003,ARABIAN PHANTOM,2024-03-15T11:19:00Z,15.05232,63.89561,12.9,180.9,0,AIS_CLASS_A
477001003,V003,ARABIAN PHANTOM,2024-03-15T11:30:00Z,15.01214,63.89423,12.9,181.4,0,AIS_CLASS_A
477001003,V003,ARABIAN PHANTOM,2024-03-15T11:39:00Z,14.97835,63.89265,13.3,183.9,0,AIS_CLASS_A
477001003,V003,ARABIAN PHANTOM,2024-03-15T11:50:00Z,14.93805,63.88872,13.2,183.9,0,AIS_CLASS_A
477001003,V003,ARABIAN PHANTOM,2024-03-15T11:58:00Z,14.9079,63.8858,13.3,182.0,0,AIS_CLASS_A
477001004,V004,TRUE SOURCE,2024-03-15T00:00:00Z,16.60846,67.47794,13.8,120.3,0,AIS_CLASS_A
477001004,V004,TRUE SOURCE,2024-03-15T00:08:00Z,16.59212,67.50607,13.8,118.2,0,AIS_CLASS_A
477001004,V004,TRUE SOURCE,2024-03-15T00:17:00Z,16.57546,67.53813,13.7,120.9,0,AIS_CLASS_A
477001004,V004,TRUE SOURCE,2024-03-15T00:23:00Z,16.56363,67.56009,13.7,122.0,0,AIS_CLASS_A
477001004,V004,TRUE SOURCE,2024-03-15T00:28:00Z,16.55353,67.5768,13.6,123.0,0,AIS_CLASS_A
477001004,V004,TRUE SOURCE,2024-03-15T00:33:00Z,16.54378,67.59277,13.8,122.5,0,AIS_CLASS_A
477001004,V004,TRUE SOURCE,2024-03-15T00:41:00Z,16.52749,67.61915,14.0,122.4,0,AIS_CLASS_A
477001004,V004,TRUE SOURCE,2024-03-15T00:51:00Z,16.50564,67.65352,14.1,122.5,0,AIS_CLASS_A
477001004,V004,TRUE SOURCE,2024-03-15T01:02:00Z,16.48297,67.69069,13.7,122.5,0,AIS_CLASS_A
477001004,V004,TRUE SOURCE,2024-03-15T01:10:00Z,16.46623,67.71907,13.4,123.4,0,AIS_CLASS_A
477001004,V004,TRUE SOURCE,2024-03-15T01:19:00Z,16.44792,67.74887,13.2,124.7,0,AIS_CLASS_A
477001004,V004,TRUE SOURCE,2024-03-15T01:29:00Z,16.42799,67.77926,13.2,124.9,0,AIS_CLASS_A
477001004,V004,TRUE SOURCE,2024-03-15T01:34:00Z,16.4179,67.79388,12.9,124.4,0,AIS_CLASS_A
477001004,V004,TRUE SOURCE,2024-03-15T01:42:00Z,16.40263,67.81855,13.1,125.1,0,AIS_CLASS_A
477001004,V004,TRUE SOURCE,2024-03-15T01:48:00Z,16.39109,67.83665,12.8,124.1,0,AIS_CLASS_A
477001004,V004,TRUE SOURCE,2024-03-15T01:56:00Z,16.37368,67.86285,13.0,123.5,0,AIS_CLASS_A
477001004,V004,TRUE SOURCE,2024-03-15T02:04:00Z,16.3591,67.88765,12.7,123.5,0,AIS_CLASS_A
477001004,V004,TRUE SOURCE,2024-03-15T02:11:00Z,16.34474,67.90923,12.6,123.8,0,AIS_CLASS_A
477001004,V004,TRUE SOURCE,2024-03-15T02:22:00Z,16.3236,67.94176,12.4,123.0,0,AIS_CLASS_A
477001004,V004,TRUE SOURCE,2024-03-15T02:27:00Z,16.31392,67.95841,12.4,125.2,0,AIS_CLASS_A
477001004,V004,TRUE SOURCE,2024-03-15T02:38:00Z,16.2922,67.99152,12.3,124.4,0,AIS_CLASS_A
477001004,V004,TRUE SOURCE,2024-03-15T02:48:00Z,16.27291,68.02023,12.4,125.5,0,AIS_CLASS_A
477001004,V004,TRUE SOURCE,2024-03-15T02:53:00Z,16.26428,68.03467,12.8,125.6,0,AIS_CLASS_A
477001004,V004,TRUE SOURCE,2024-03-15T03:01:00Z,16.24799,68.05984,12.8,124.1,0,AIS_CLASS_A
477001004,V004,TRUE SOURCE,2024-03-15T03:08:00Z,16.23481,68.08027,12.9,124.4,0,AIS_CLASS_A
477001004,V004,TRUE SOURCE,2024-03-15T03:16:00Z,16.21818,68.10617,12.7,128.2,0,AIS_CLASS_A
477001004,V004,TRUE SOURCE,2024-03-15T03:21:00Z,16.20688,68.12001,12.8,126.9,0,AIS_CLASS_A
477001004,V004,TRUE SOURCE,2024-03-15T03:28:00Z,16.19304,68.13946,12.3,130.4,0,AIS_CLASS_A
477001004,V004,TRUE SOURCE,2024-03-15T03:37:00Z,16.17227,68.16517,12.3,130.7,0,AIS_CLASS_A
477001004,V004,TRUE SOURCE,2024-03-15T03:42:00Z,16.16114,68.17859,12.3,130.7,0,AIS_CLASS_A
477001004,V004,TRUE SOURCE,2024-03-15T03:51:00Z,16.14052,68.20409,12.3,131.1,0,AIS_CLASS_A
477001004,V004,TRUE SOURCE,2024-03-15T03:56:00Z,16.13129,68.21618,12.5,131.9,0,AIS_CLASS_A
477001004,V004,TRUE SOURCE,2024-03-15T04:02:00Z,16.11736,68.23326,12.3,130.2,0,AIS_CLASS_A
477001004,V004,TRUE SOURCE,2024-03-15T04:09:00Z,16.10291,68.25092,12.2,129.1,0,AIS_CLASS_A
477001004,V004,TRUE SOURCE,2024-03-15T04:19:00Z,16.08169,68.27895,12.5,129.7,0,AIS_CLASS_A
477001004,V004,TRUE SOURCE,2024-03-15T04:26:00Z,16.06563,68.29912,12.4,129.7,0,AIS_CLASS_A
477001004,V004,TRUE SOURCE,2024-03-15T04:34:00Z,16.04784,68.32189,12.0,129.7,0,AIS_CLASS_A
477001004,V004,TRUE SOURCE,2024-03-15T04:41:00Z,16.03179,68.34006,12.0,131.6,0,AIS_CLASS_A
477001004,V004,TRUE SOURCE,2024-03-15T04:52:00Z,16.00658,68.36577,11.9,130.8,0,AIS_CLASS_A
477001004,V004,TRUE SOURCE,2024-03-15T04:58:00Z,15.99393,68.38184,11.9,128.6,0,AIS_CLASS_A
477001004,V004,TRUE SOURCE,2024-03-15T05:07:00Z,15.9766,68.40743,11.9,126.6,0,AIS_CLASS_A
477001004,V004,TRUE SOURCE,2024-03-15T05:15:00Z,15.96001,68.42803,11.8,127.3,0,AIS_CLASS_A
477001004,V004,TRUE SOURCE,2024-03-15T05:23:00Z,15.94359,68.44991,11.6,128.7,0,AIS_CLASS_A
477001004,V004,TRUE SOURCE,2024-03-15T05:30:00Z,15.92772,68.46837,11.8,127.1,0,AIS_CLASS_A
477001004,V004,TRUE SOURCE,2024-03-15T05:35:00Z,15.91825,68.4824,11.9,127.7,0,AIS_CLASS_A
477001004,V004,TRUE SOURCE,2024-03-15T05:41:00Z,15.90586,68.5,12.0,127.7,0,AIS_CLASS_A
477001004,V004,TRUE SOURCE,2024-03-15T05:46:00Z,15.89542,68.51429,12.0,128.5,0,AIS_CLASS_A
477001004,V004,TRUE SOURCE,2024-03-15T05:54:00Z,15.87745,68.53799,12.3,128.6,0,AIS_CLASS_A
477001004,V004,TRUE SOURCE,2024-03-15T06:04:00Z,15.85646,68.56605,12.1,127.9,0,AIS_CLASS_A
477001004,V004,TRUE SOURCE,2024-03-15T06:10:00Z,15.84314,68.58081,11.7,129.2,0,AIS_CLASS_A
477001004,V004,TRUE SOURCE,2024-03-15T06:20:00Z,15.8215,68.60662,11.4,133.8,0,AIS_CLASS_A
477001004,V004,TRUE SOURCE,2024-03-15T06:25:00Z,15.80993,68.61807,11.4,135.2,0,AIS_CLASS_A
477001004,V004,TRUE SOURCE,2024-03-15T06:32:00Z,15.79448,68.63333,11.6,134.7,0,AIS_CLASS_A
477001004,V004,TRUE SOURCE,2024-03-15T06:39:00Z,15.7786,68.64865,11.4,136.1,0,AIS_CLASS_A
477001004,V004,TRUE SOURCE,2024-03-15T06:48:00Z,15.75764,68.67052,11.5,137.6,0,AIS_CLASS_A
477001004,V004,TRUE SOURCE,2024-03-15T06:58:00Z,15.73429,68.6934,11.8,139.6,0,AIS_CLASS_A
477001004,V004,TRUE SOURCE,2024-03-15T07:08:00Z,15.70879,68.71418,11.9,139.9,0,AIS_CLASS_A
477001004,V004,TRUE SOURCE,2024-03-15T07:18:00Z,15.68276,68.73716,12.0,140.8,0,AIS_CLASS_A
477001004,V004,TRUE SOURCE,2024-03-15T07:27:00Z,15.66016,68.7566,11.8,139.3,0,AIS_CLASS_A
477001004,V004,TRUE SOURCE,2024-03-15T07:32:00Z,15.64944,68.76772,12.2,140.2,0,AIS_CLASS_A
477001004,V004,TRUE SOURCE,2024-03-15T07:40:00Z,15.62919,68.78727,12.3,141.5,0,AIS_CLASS_A
477001004,V004,TRUE SOURCE,2024-03-15T07:47:00Z,15.61081,68.80491,12.0,141.2,0,AIS_CLASS_A
477001004,V004,TRUE SOURCE,2024-03-15T07:55:00Z,15.58987,68.82148,12.2,140.8,0,AIS_CLASS_A
477001004,V004,TRUE SOURCE,2024-03-15T08:05:00Z,15.563,68.84426,12.3,140.0,0,AIS_CLASS_A
477001004,V004,TRUE SOURCE,2024-03-15T08:11:00Z,15.54585,68.85892,12.3,138.7,0,AIS_CLASS_A
477001004,V004,TRUE SOURCE,2024-03-15T08:22:00Z,15.5167,68.88596,12.5,137.6,0,AIS_CLASS_A
477001004,V004,TRUE SOURCE,2024-03-15T08:27:00Z,15.50373,68.8992,12.4,138.6,0,AIS_CLASS_A
477001004,V004,TRUE SOURCE,2024-03-15T08:35:00Z,15.4828,68.91938,12.3,136.0,0,AIS_CLASS_A
477001004,V004,TRUE SOURCE,2024-03-15T08:46:00Z,15.45591,68.94455,11.8,135.1,0,AIS_CLASS_A
477001004,V004,TRUE SOURCE,2024-03-15T08:57:00Z,15.4298,68.97273,12.0,135.9,0,AIS_CLASS_A
477001004,V004,TRUE SOURCE,2024-03-15T09:04:00Z,15.40956,68.98996,12.2,135.9,0,AIS_CLASS_A
477001004,V004,TRUE SOURCE,2024-03-15T09:13:00Z,15.38907,69.01321,12.4,133.5,0,AIS_CLASS_A
477001004,V004,TRUE SOURCE,2024-03-15T09:19:00Z,15.37589,69.0283,12.5,132.7,0,AIS_CLASS_A
477001004,V004,TRUE SOURCE,2024-03-15T09:25:00Z,15.36153,69.04595,12.5,133.7,0,AIS_CLASS_A
477001004,V004,TRUE SOURCE,2024-03-15T09:31:00Z,15.34763,69.06107,12.5,131.9,0,AIS_CLASS_A
477001004,V004,TRUE SOURCE,2024-03-15T09:40:00Z,15.32484,69.08169,13.0,133.2,0,AIS_CLASS_A
477001004,V004,TRUE SOURCE,2024-03-15T09:50:00Z,15.30009,69.1098,13.3,134.0,0,AIS_CLASS_A
477001004,V004,TRUE SOURCE,2024-03-15T10:00:00Z,15.27349,69.13635,13.2,134.1,0,AIS_CLASS_A
477001004,V004,TRUE SOURCE,2024-03-15T10:09:00Z,15.24998,69.1619,13.1,133.8,0,AIS_CLASS_A
477001004,V004,TRUE SOURCE,2024-03-15T10:14:00Z,15.23731,69.1755,13.4,135.2,0,AIS_CLASS_A
477001004,V004,TRUE SOURCE,2024-03-15T10:25:00Z,15.20922,69.20625,13.0,133.6,0,AIS_CLASS_A
477001004,V004,TRUE SOURCE,2024-03-15T10:32:00Z,15.19123,69.22566,13.4,134.1,0,AIS_CLASS_A
477001004,V004,TRUE SOURCE,2024-03-15T10:43:00Z,15.16413,69.256,13.6,135.1,0,AIS_CLASS_A
477001004,V004,TRUE SOURCE,2024-03-15T10:51:00Z,15.14354,69.27638,13.4,133.9,0,AIS_CLASS_A
477001004,V004,TRUE SOURCE,2024-03-15T10:59:00Z,15.12436,69.2985,13.1,134.2,0,AIS_CLASS_A
477001004,V004,TRUE SOURCE,2024-03-15T11:10:00Z,15.097,69.32646,13.1,135.5,0,AIS_CLASS_A
477001004,V004,TRUE SOURCE,2024-03-15T11:17:00Z,15.07964,69.34707,12.9,135.7,0,AIS_CLASS_A
477001004,V004,TRUE SOURCE,2024-03-15T11:26:00Z,15.05681,69.36978,12.8,136.5,0,AIS_CLASS_A
477001004,V004,TRUE SOURCE,2024-03-15T11:31:00Z,15.04455,69.38231,12.8,136.1,0,AIS_CLASS_A
477001004,V004,TRUE SOURCE,2024-03-15T11:39:00Z,15.02358,69.4028,12.9,135.0,0,AIS_CLASS_A
477001004,V004,TRUE SOURCE,2024-03-15T11:49:00Z,14.99958,69.4278,12.9,134.9,0,AIS_CLASS_A
477001004,V004,TRUE SOURCE,2024-03-15T11:59:00Z,14.97441,69.45335,13.1,135.7,0,AIS_CLASS_A
477001005,V005,INNOCENT TRANSIT,2024-03-15T00:00:00Z,20.39138,63.8321,10.2,272.1,0,AIS_CLASS_A
477001005,V005,INNOCENT TRANSIT,2024-03-15T00:06:00Z,20.39141,63.8141,10.7,272.1,0,AIS_CLASS_A
477001005,V005,INNOCENT TRANSIT,2024-03-15T00:15:00Z,20.39121,63.78626,10.6,273.9,0,AIS_CLASS_A
477001005,V005,INNOCENT TRANSIT,2024-03-15T00:21:00Z,20.39231,63.76755,10.6,275.0,0,AIS_CLASS_A
477001005,V005,INNOCENT TRANSIT,2024-03-15T00:32:00Z,20.39418,63.73373,10.3,277.0,0,AIS_CLASS_A
477001005,V005,INNOCENT TRANSIT,2024-03-15T00:38:00Z,20.39667,63.71522,10.1,275.5,0,AIS_CLASS_A
477001005,V005,INNOCENT TRANSIT,2024-03-15T00:43:00Z,20.39863,63.6999,10.0,274.8,0,AIS_CLASS_A
477001005,V005,INNOCENT TRANSIT,2024-03-15T00:52:00Z,20.39989,63.67316,10.0,275.7,0,AIS_CLASS_A
477001005,V005,INNOCENT TRANSIT,2024-03-15T01:01:00Z,20.40026,63.64579,10.0,276.0,0,AIS_CLASS_A
477001005,V005,INNOCENT TRANSIT,2024-03-15T01:09:00Z,20.40456,63.62041,10.0,277.3,0,AIS_CLASS_A
477001005,V005,INNOCENT TRANSIT,2024-03-15T01:17:00Z,20.40727,63.59527,10.0,276.3,0,AIS_CLASS_A
477001005,V005,INNOCENT TRANSIT,2024-03-15T01:24:00Z,20.40969,63.57479,9.6,274.3,0,AIS_CLASS_A
477001005,V005,INNOCENT TRANSIT,2024-03-15T01:32:00Z,20.4128,63.55128,9.6,273.1,0,AIS_CLASS_A
477001005,V005,INNOCENT TRANSIT,2024-03-15T01:37:00Z,20.41538,63.53541,9.3,274.0,0,AIS_CLASS_A
477001005,V005,INNOCENT TRANSIT,2024-03-15T01:48:00Z,20.41686,63.50481,9.3,274.8,0,AIS_CLASS_A
477001005,V005,INNOCENT TRANSIT,2024-03-15T01:53:00Z,20.41683,63.49162,8.9,274.0,0,AIS_CLASS_A
477001005,V005,INNOCENT TRANSIT,2024-03-15T02:02:00Z,20.41848,63.46822,9.1,274.8,0,AIS_CLASS_A
477001005,V005,INNOCENT TRANSIT,2024-03-15T02:07:00Z,20.41931,63.45542,9.4,275.4,0,AIS_CLASS_A
477001005,V005,INNOCENT TRANSIT,2024-03-15T02:15:00Z,20.42023,63.43412,9.1,275.7,0,AIS_CLASS_A
477001005,V005,INNOCENT TRANSIT,2024-03-15T02:26:00Z,20.42156,63.40317,9.1,275.1,0,AIS_CLASS_A
477001005,V005,INNOCENT TRANSIT,2024-03-15T02:36:00Z,20.42471,63.37658,9.2,275.8,0,AIS_CLASS_A
477001005,V005,INNOCENT TRANSIT,2024-03-15T02:46:00Z,20.42735,63.34938,9.1,274.1,0,AIS_CLASS_A
477001005,V005,INNOCENT TRANSIT,2024-03-15T02:53:00Z,20.42685,63.32902,9.3,275.1,0,AIS_CLASS_A
477001005,V005,INNOCENT TRANSIT,2024-03-15T02:58:00Z,20.42695,63.31522,9.4,277.3,0,AIS_CLASS_A
477001005,V005,INNOCENT TRANSIT,2024-03-15T03:07:00Z,20.43039,63.29065,9.2,277.2,0,AIS_CLASS_A
477001005,V005,INNOCENT TRANSIT,2024-03-15T03:16:00Z,20.43441,63.266,9.6,280.1,0,AIS_CLASS_A
477001005,V005,INNOCENT TRANSIT,2024-03-15T03:24:00Z,20.43775,63.24274,9.8,277.7,0,AIS_CLASS_A
477001005,V005,INNOCENT TRANSIT,2024-03-15T03:35:00Z,20.44143,63.21236,9.9,276.5,0,AIS_CLASS_A
477001005,V005,INNOCENT TRANSIT,2024-03-15T03:44:00Z,20.44433,63.18508,10.2,274.5,0,AIS_CLASS_A
477001005,V005,INNOCENT TRANSIT,2024-03-15T03:51:00Z,20.44663,63.16412,10.3,274.0,0,AIS_CLASS_A
477001005,V005,INNOCENT TRANSIT,2024-03-15T04:00:00Z,20.4472,63.1377,10.0,274.4,0,AIS_CLASS_A
477001005,V005,INNOCENT TRANSIT,2024-03-15T04:11:00Z,20.45089,63.10632,10.0,274.6,0,AIS_CLASS_A
477001005,V005,INNOCENT TRANSIT,2024-03-15T04:21:00Z,20.45538,63.07707,10.1,278.1,0,AIS_CLASS_A
477001005,V005,INNOCENT TRANSIT,2024-03-15T04:32:00Z,20.46047,63.04427,10.3,276.5,0,AIS_CLASS_A
477001005,V005,INNOCENT TRANSIT,2024-03-15T04:39:00Z,20.46341,63.02261,10.1,277.1,0,AIS_CLASS_A
477001005,V005,INNOCENT TRANSIT,2024-03-15T04:50:00Z,20.46845,62.99033,10.1,277.0,0,AIS_CLASS_A
477001005,V005,INNOCENT TRANSIT,2024-03-15T05:01:00Z,20.47059,62.95729,9.9,278.3,0,AIS_CLASS_A
477001005,V005,INNOCENT TRANSIT,2024-03-15T05:06:00Z,20.47405,62.94159,10.0,278.0,0,AIS_CLASS_A
477001005,V005,INNOCENT TRANSIT,2024-03-15T05:12:00Z,20.47707,62.9248,9.6,278.2,0,AIS_CLASS_A
477001005,V005,INNOCENT TRANSIT,2024-03-15T05:18:00Z,20.48129,62.9077,10.0,279.3,0,AIS_CLASS_A
477001005,V005,INNOCENT TRANSIT,2024-03-15T05:23:00Z,20.48291,62.89344,9.9,278.0,0,AIS_CLASS_A
477001005,V005,INNOCENT TRANSIT,2024-03-15T05:33:00Z,20.48705,62.86448,9.7,277.6,0,AIS_CLASS_A
477001005,V005,INNOCENT TRANSIT,2024-03-15T05:44:00Z,20.49174,62.83291,9.6,276.2,0,AIS_CLASS_A
477001005,V005,INNOCENT TRANSIT,2024-03-15T05:51:00Z,20.49429,62.81414,9.9,278.7,0,AIS_CLASS_A
477001005,V005,INNOCENT TRANSIT,2024-03-15T06:02:00Z,20.49921,62.78212,9.7,280.7,0,AIS_CLASS_A
477001005,V005,INNOCENT TRANSIT,2024-03-15T06:07:00Z,20.50075,62.76787,9.4,279.6,0,AIS_CLASS_A
477001005,V005,INNOCENT TRANSIT,2024-03-15T06:18:00Z,20.50689,62.73589,9.4,278.0,0,AIS_CLASS_A
477001005,V005,INNOCENT TRANSIT,2024-03-15T06:27:00Z,20.51028,62.71128,9.3,280.0,0,AIS_CLASS_A
477001005,V005,INNOCENT TRANSIT,2024-03-15T06:34:00Z,20.51342,62.69072,9.5,276.8,0,AIS_CLASS_A
477001005,V005,INNOCENT TRANSIT,2024-03-15T06:42:00Z,20.51625,62.66837,9.7,274.5,0,AIS_CLASS_A
477001005,V005,INNOCENT TRANSIT,2024-03-15T06:53:00Z,20.51686,62.63568,10.0,275.0,0,AIS_CLASS_A
477001005,V005,INNOCENT TRANSIT,2024-03-15T07:00:00Z,20.51808,62.61475,9.9,274.0,0,AIS_CLASS_A
477001005,V005,INNOCENT TRANSIT,2024-03-15T07:08:00Z,20.52036,62.59036,10.0,276.7,0,AIS_CLASS_A
477001005,V005,INNOCENT TRANSIT,2024-03-15T07:19:00Z,20.52305,62.55869,9.7,276.9,0,AIS_CLASS_A
477001005,V005,INNOCENT TRANSIT,2024-03-15T07:29:00Z,20.52539,62.52924,9.8,274.9,0,AIS_CLASS_A
477001005,V005,INNOCENT TRANSIT,2024-03-15T07:39:00Z,20.52759,62.50026,9.8,276.2,0,AIS_CLASS_A
477001005,V005,INNOCENT TRANSIT,2024-03-15T07:49:00Z,20.53113,62.47094,10.2,276.2,0,AIS_CLASS_A
477001005,V005,INNOCENT TRANSIT,2024-03-15T07:54:00Z,20.53418,62.45585,9.8,277.1,0,AIS_CLASS_A
477001005,V005,INNOCENT TRANSIT,2024-03-15T08:03:00Z,20.53637,62.42961,9.6,275.7,0,AIS_CLASS_A
477001005,V005,INNOCENT TRANSIT,2024-03-15T08:08:00Z,20.53866,62.41559,9.5,274.1,0,AIS_CLASS_A
477001005,V005,INNOCENT TRANSIT,2024-03-15T08:17:00Z,20.53893,62.38958,9.8,272.0,0,AIS_CLASS_A
477001005,V005,INNOCENT TRANSIT,2024-03-15T08:24:00Z,20.5387,62.36932,10.2,270.7,0,AIS_CLASS_A
477001005,V005,INNOCENT TRANSIT,2024-03-15T08:31:00Z,20.53931,62.34771,10.3,271.0,0,AIS_CLASS_A
477001005,V005,INNOCENT TRANSIT,2024-03-15T08:42:00Z,20.53837,62.315,10.3,270.3,0,AIS_CLASS_A
477001005,V005,INNOCENT TRANSIT,2024-03-15T08:49:00Z,20.53877,62.29476,10.5,270.3,0,AIS_CLASS_A
477001005,V005,INNOCENT TRANSIT,2024-03-15T08:58:00Z,20.53948,62.26663,10.4,269.0,0,AIS_CLASS_A
477001005,V005,INNOCENT TRANSIT,2024-03-15T09:07:00Z,20.53896,62.23773,10.1,266.7,0,AIS_CLASS_A
477001005,V005,INNOCENT TRANSIT,2024-03-15T09:15:00Z,20.53871,62.21321,10.1,268.7,0,AIS_CLASS_A
477001005,V005,INNOCENT TRANSIT,2024-03-15T09:23:00Z,20.53733,62.1881,9.8,267.9,0,AIS_CLASS_A
477001005,V005,INNOCENT TRANSIT,2024-03-15T09:32:00Z,20.53738,62.16252,10.0,268.3,0,AIS_CLASS_A
477001005,V005,INNOCENT TRANSIT,2024-03-15T09:37:00Z,20.53615,62.14462,10.2,269.6,0,AIS_CLASS_A
477001005,V005,INNOCENT TRANSIT,2024-03-15T09:43:00Z,20.53646,62.12594,10.4,267.0,0,AIS_CLASS_A
477001005,V005,INNOCENT TRANSIT,2024-03-15T09:50:00Z,20.53387,62.10613,10.2,267.1,0,AIS_CLASS_A
477001005,V005,INNOCENT TRANSIT,2024-03-15T09:57:00Z,20.53314,62.08558,10.3,266.5,0,AIS_CLASS_A
477001005,V005,INNOCENT TRANSIT,2024-03-15T10:04:00Z,20.53168,62.06406,10.4,265.6,0,AIS_CLASS_A
477001005,V005,INNOCENT TRANSIT,2024-03-15T10:13:00Z,20.53109,62.03757,10.0,265.0,0,AIS_CLASS_A
477001005,V005,INNOCENT TRANSIT,2024-03-15T10:18:00Z,20.5288,62.02188,9.9,263.9,0,AIS_CLASS_A
477001005,V005,INNOCENT TRANSIT,2024-03-15T10:25:00Z,20.52783,62.00277,10.1,264.4,0,AIS_CLASS_A
477001005,V005,INNOCENT TRANSIT,2024-03-15T10:30:00Z,20.52628,61.98843,10.0,263.5,0,AIS_CLASS_A
477001005,V005,INNOCENT TRANSIT,2024-03-15T10:37:00Z,20.52347,61.96792,10.2,262.6,0,AIS_CLASS_A
477001005,V005,INNOCENT TRANSIT,2024-03-15T10:45:00Z,20.5203,61.94375,9.9,262.8,0,AIS_CLASS_A
477001005,V005,INNOCENT TRANSIT,2024-03-15T10:55:00Z,20.51703,61.91507,10.3,263.6,0,AIS_CLASS_A
477001005,V005,INNOCENT TRANSIT,2024-03-15T11:02:00Z,20.51428,61.89498,10.4,261.4,0,AIS_CLASS_A
477001005,V005,INNOCENT TRANSIT,2024-03-15T11:08:00Z,20.51228,61.87777,10.7,264.7,0,AIS_CLASS_A
477001005,V005,INNOCENT TRANSIT,2024-03-15T11:14:00Z,20.50986,61.85774,10.7,266.0,0,AIS_CLASS_A
477001005,V005,INNOCENT TRANSIT,2024-03-15T11:22:00Z,20.50707,61.8321,10.4,265.7,0,AIS_CLASS_A
477001005,V005,INNOCENT TRANSIT,2024-03-15T11:32:00Z,20.5054,61.80147,10.4,262.9,0,AIS_CLASS_A
477001005,V005,INNOCENT TRANSIT,2024-03-15T11:41:00Z,20.50349,61.77472,10.3,265.1,0,AIS_CLASS_A
477001005,V005,INNOCENT TRANSIT,2024-03-15T11:50:00Z,20.50322,61.7483,10.1,266.5,0,AIS_CLASS_A
477001005,V005,INNOCENT TRANSIT,2024-03-15T11:58:00Z,20.50271,61.72537,10.4,268.3,0,AIS_CLASS_A
477001006,V006,BACKGROUND VESSEL 6,2024-03-15T00:00:00Z,18.84872,60.14318,11.4,143.4,0,AIS_CLASS_A
477001006,V006,BACKGROUND VESSEL 6,2024-03-15T00:06:00Z,18.83405,60.15557,11.7,145.9,0,AIS_CLASS_A
477001006,V006,BACKGROUND VESSEL 6,2024-03-15T00:16:00Z,18.80808,60.17424,11.8,144.9,0,AIS_CLASS_A
477001006,V006,BACKGROUND VESSEL 6,2024-03-15T00:24:00Z,18.78623,60.18824,11.3,148.0,0,AIS_CLASS_A
477001006,V006,BACKGROUND VESSEL 6,2024-03-15T00:35:00Z,18.75806,60.20862,11.0,150.0,0,AIS_CLASS_A
477001006,V006,BACKGROUND VESSEL 6,2024-03-15T00:41:00Z,18.74171,60.21681,11.1,148.4,0,AIS_CLASS_A
477001006,V006,BACKGROUND VESSEL 6,2024-03-15T00:51:00Z,18.71519,60.23396,11.1,146.5,0,AIS_CLASS_A
477001006,V006,BACKGROUND VESSEL 6,2024-03-15T01:01:00Z,18.68973,60.25025,11.1,148.2,0,AIS_CLASS_A
477001006,V006,BACKGROUND VESSEL 6,2024-03-15T01:06:00Z,18.67641,60.25857,11.1,147.5,0,AIS_CLASS_A
477001006,V006,BACKGROUND VESSEL 6,2024-03-15T01:17:00Z,18.64918,60.2764,10.8,148.9,0,AIS_CLASS_A
477001006,V006,BACKGROUND VESSEL 6,2024-03-15T01:27:00Z,18.62335,60.29329,10.8,148.4,0,AIS_CLASS_A
477001006,V006,BACKGROUND VESSEL 6,2024-03-15T01:33:00Z,18.60747,60.30301,10.7,148.9,0,AIS_CLASS_A
477001006,V006,BACKGROUND VESSEL 6,2024-03-15T01:42:00Z,18.58496,60.31608,10.9,148.7,0,AIS_CLASS_A
477001006,V006,BACKGROUND VESSEL 6,2024-03-15T01:51:00Z,18.56204,60.33139,10.7,149.0,0,AIS_CLASS_A
477001006,V006,BACKGROUND VESSEL 6,2024-03-15T01:59:00Z,18.54136,60.3446,10.6,150.0,0,AIS_CLASS_A
477001006,V006,BACKGROUND VESSEL 6,2024-03-15T02:04:00Z,18.5271,60.35449,10.4,150.3,0,AIS_CLASS_A
477001006,V006,BACKGROUND VESSEL 6,2024-03-15T02:13:00Z,18.50499,60.36627,10.6,148.4,0,AIS_CLASS_A
477001006,V006,BACKGROUND VESSEL 6,2024-03-15T02:22:00Z,18.48312,60.38095,10.9,148.8,0,AIS_CLASS_A
477001006,V006,BACKGROUND VESSEL 6,2024-03-15T02:28:00Z,18.46573,60.39142,10.8,149.4,0,AIS_CLASS_A
477001006,V006,BACKGROUND VESSEL 6,2024-03-15T02:35:00Z,18.4484,60.4045,10.9,150.2,0,AIS_CLASS_A
477001006,V006,BACKGROUND VESSEL 6,2024-03-15T02:44:00Z,18.42608,60.41895,10.9,154.9,0,AIS_CLASS_A
477001006,V006,BACKGROUND VESSEL 6,2024-03-15T02:51:00Z,18.40636,60.42811,10.9,154.1,0,AIS_CLASS_A
477001006,V006,BACKGROUND VESSEL 6,2024-03-15T02:56:00Z,18.39294,60.43552,11.1,153.8,0,AIS_CLASS_A
477001006,V006,BACKGROUND VESSEL 6,2024-03-15T03:07:00Z,18.3629,60.45081,11.2,155.3,0,AIS_CLASS_A
477001006,V006,BACKGROUND VESSEL 6,2024-03-15T03:18:00Z,18.33199,60.46712,11.5,156.3,0,AIS_CLASS_A
477001006,V006,BACKGROUND VESSEL 6,2024-03-15T03:26:00Z,18.30767,60.47629,11.4,158.8,0,AIS_CLASS_A
477001006,V006,BACKGROUND VESSEL 6,2024-03-15T03:33:00Z,18.28627,60.48643,11.3,160.0,0,AIS_CLASS_A
477001006,V006,BACKGROUND VESSEL 6,2024-03-15T03:42:00Z,18.25838,60.49618,11.3,159.3,0,AIS_CLASS_A
477001006,V006,BACKGROUND VESSEL 6,2024-03-15T03:49:00Z,18.23826,60.50387,11.5,160.7,0,AIS_CLASS_A
477001006,V006,BACKGROUND VESSEL 6,2024-03-15T03:59:00Z,18.20631,60.5148,11.1,158.5,0,AIS_CLASS_A
477001006,V006,BACKGROUND VESSEL 6,2024-03-15T04:04:00Z,18.19211,60.52082,11.1,157.4,0,AIS_CLASS_A
477001006,V006,BACKGROUND VESSEL 6,2024-03-15T04:13:00Z,18.16685,60.52989,10.9,157.7,0,AIS_CLASS_A
477001006,V006,BACKGROUND VESSEL 6,2024-03-15T04:21:00Z,18.14365,60.53947,10.9,155.4,0,AIS_CLASS_A
477001006,V006,BACKGROUND VESSEL 6,2024-03-15T04:29:00Z,18.1218,60.54941,10.4,156.3,0,AIS_CLASS_A
477001006,V006,BACKGROUND VESSEL 6,2024-03-15T04:34:00Z,18.10882,60.55707,10.4,153.8,0,AIS_CLASS_A
477001006,V006,BACKGROUND VESSEL 6,2024-03-15T04:39:00Z,18.09715,60.56335,10.7,155.9,0,AIS_CLASS_A
477001006,V006,BACKGROUND VESSEL 6,2024-03-15T04:46:00Z,18.07906,60.57108,10.6,156.5,0,AIS_CLASS_A
477001006,V006,BACKGROUND VESSEL 6,2024-03-15T04:57:00Z,18.04868,60.58385,10.6,156.3,0,AIS_CLASS_A
477001006,V006,BACKGROUND VESSEL 6,2024-03-15T05:05:00Z,18.0283,60.5942,10.4,157.3,0,AIS_CLASS_A
477001006,V006,BACKGROUND VESSEL 6,2024-03-15T05:16:00Z,17.99901,60.60756,10.7,156.0,0,AIS_CLASS_A
477001006,V006,BACKGROUND VESSEL 6,2024-03-15T05:22:00Z,17.98428,60.61385,10.7,156.7,0,AIS_CLASS_A
477001006,V006,BACKGROUND VESSEL 6,2024-03-15T05:33:00Z,17.95273,60.62633,10.7,159.3,0,AIS_CLASS_A
477001006,V006,BACKGROUND VESSEL 6,2024-03-15T05:38:00Z,17.94109,60.63252,10.6,159.1,0,AIS_CLASS_A
477001006,V006,BACKGROUND VESSEL 6,2024-03-15T05:44:00Z,17.92525,60.63929,10.8,159.9,0,AIS_CLASS_A
477001006,V006,BACKGROUND VESSEL 6,2024-03-15T05:50:00Z,17.90699,60.64522,10.8,159.0,0,AIS_CLASS_A
477001006,V006,BACKGROUND VESSEL 6,2024-03-15T06:01:00Z,17.87573,60.65821,10.4,161.1,0,AIS_CLASS_A
477001006,V006,BACKGROUND VESSEL 6,2024-03-15T06:11:00Z,17.84774,60.66851,10.4,161.0,0,AIS_CLASS_A
477001006,V006,BACKGROUND VESSEL 6,2024-03-15T06:16:00Z,17.83387,60.67294,10.4,160.9,0,AIS_CLASS_A
477001006,V006,BACKGROUND VESSEL 6,2024-03-15T06:24:00Z,17.81293,60.68106,10.3,162.5,0,AIS_CLASS_A
477001006,V006,BACKGROUND VESSEL 6,2024-03-15T06:33:00Z,17.78854,60.69077,10.2,163.3,0,AIS_CLASS_A
477001006,V006,BACKGROUND VESSEL 6,2024-03-15T06:42:00Z,17.76416,60.70099,10.1,160.8,0,AIS_CLASS_A
477001006,V006,BACKGROUND VESSEL 6,2024-03-15T06:51:00Z,17.74134,60.71011,10.0,160.9,0,AIS_CLASS_A
477001006,V006,BACKGROUND VESSEL 6,2024-03-15T07:01:00Z,17.71485,60.72166,9.7,158.4,0,AIS_CLASS_A
477001006,V006,BACKGROUND VESSEL 6,2024-03-15T07:09:00Z,17.69447,60.73032,9.7,159.8,0,AIS_CLASS_A
477001006,V006,BACKGROUND VESSEL 6,2024-03-15T07:16:00Z,17.67487,60.73562,9.2,159.4,0,AIS_CLASS_A
477001006,V006,BACKGROUND VESSEL 6,2024-03-15T07:24:00Z,17.65496,60.74162,9.2,159.0,0,AIS_CLASS_A
477001006,V006,BACKGROUND VESSEL 6,2024-03-15T07:34:00Z,17.63136,60.75276,9.1,161.0,0,AIS_CLASS_A
477001006,V006,BACKGROUND VESSEL 6,2024-03-15T07:39:00Z,17.61811,60.75785,9.1,160.7,0,AIS_CLASS_A
477001006,V006,BACKGROUND VESSEL 6,2024-03-15T07:46:00Z,17.60167,60.76419,9.2,157.8,0,AIS_CLASS_A
477001006,V006,BACKGROUND VESSEL 6,2024-03-15T07:53:00Z,17.58546,60.77247,8.8,156.6,0,AIS_CLASS_A
477001006,V006,BACKGROUND VESSEL 6,2024-03-15T07:59:00Z,17.57233,60.77771,8.7,155.9,0,AIS_CLASS_A
477001006,V006,BACKGROUND VESSEL 6,2024-03-15T08:07:00Z,17.55513,60.78606,9.0,154.4,0,AIS_CLASS_A
477001006,V006,BACKGROUND VESSEL 6,2024-03-15T08:12:00Z,17.54399,60.79115,9.2,154.1,0,AIS_CLASS_A
477001006,V006,BACKGROUND VESSEL 6,2024-03-15T08:19:00Z,17.52643,60.8005,9.2,153.6,0,AIS_CLASS_A
477001006,V006,BACKGROUND VESSEL 6,2024-03-15T08:28:00Z,17.50488,60.80992,9.0,152.5,0,AIS_CLASS_A
477001006,V006,BACKGROUND VESSEL 6,2024-03-15T08:38:00Z,17.48248,60.82312,9.0,154.5,0,AIS_CLASS_A
477001006,V006,BACKGROUND VESSEL 6,2024-03-15T08:45:00Z,17.46405,60.83057,8.8,155.4,0,AIS_CLASS_A
477001006,V006,BACKGROUND VESSEL 6,2024-03-15T08:52:00Z,17.4488,60.83862,8.3,155.9,0,AIS_CLASS_A
477001006,V006,BACKGROUND VESSEL 6,2024-03-15T09:00:00Z,17.43064,60.84763,8.1,158.3,0,AIS_CLASS_A
477001006,V006,BACKGROUND VESSEL 6,2024-03-15T09:05:00Z,17.42071,60.85166,7.9,157.1,0,AIS_CLASS_A
477001006,V006,BACKGROUND VESSEL 6,2024-03-15T09:15:00Z,17.40055,60.86055,8.1,158.8,0,AIS_CLASS_A
477001006,V006,BACKGROUND VESSEL 6,2024-03-15T09:25:00Z,17.3793,60.86756,8.3,158.9,0,AIS_CLASS_A
477001006,V006,BACKGROUND VESSEL 6,2024-03-15T09:30:00Z,17.36864,60.87141,8.4,159.9,0,AIS_CLASS_A
477001006,V006,BACKGROUND VESSEL 6,2024-03-15T09:39:00Z,17.34927,60.87892,8.3,158.6,0,AIS_CLASS_A
477001006,V006,BACKGROUND VESSEL 6,2024-03-15T09:44:00Z,17.33645,60.88429,8.4,158.8,0,AIS_CLASS_A
477001006,V006,BACKGROUND VESSEL 6,2024-03-15T09:49:00Z,17.32482,60.88879,8.3,158.9,0,AIS_CLASS_A
477001006,V006,BACKGROUND VESSEL 6,2024-03-15T10:00:00Z,17.29897,60.89775,8.2,157.9,0,AIS_CLASS_A
477001006,V006,BACKGROUND VESSEL 6,2024-03-15T10:11:00Z,17.27655,60.90664,8.1,155.5,0,AIS_CLASS_A
477001006,V006,BACKGROUND VESSEL 6,2024-03-15T10:17:00Z,17.26461,60.91316,8.0,157.6,0,AIS_CLASS_A
477001006,V006,BACKGROUND VESSEL 6,2024-03-15T10:23:00Z,17.25308,60.91852,8.0,158.0,0,AIS_CLASS_A
477001006,V006,BACKGROUND VESSEL 6,2024-03-15T10:34:00Z,17.22831,60.9286,7.7,156.9,0,AIS_CLASS_A
477001006,V006,BACKGROUND VESSEL 6,2024-03-15T10:39:00Z,17.21859,60.93381,7.4,157.1,0,AIS_CLASS_A
477001006,V006,BACKGROUND VESSEL 6,2024-03-15T10:44:00Z,17.21045,60.93919,7.6,156.1,0,AIS_CLASS_A
477001006,V006,BACKGROUND VESSEL 6,2024-03-15T10:49:00Z,17.19867,60.94396,7.3,156.4,0,AIS_CLASS_A
477001006,V006,BACKGROUND VESSEL 6,2024-03-15T11:00:00Z,17.17859,60.95364,6.9,155.8,0,AIS_CLASS_A
477001006,V006,BACKGROUND VESSEL 6,2024-03-15T11:08:00Z,17.16464,60.96109,7.1,155.3,0,AIS_CLASS_A
477001006,V006,BACKGROUND VESSEL 6,2024-03-15T11:15:00Z,17.15202,60.96633,7.2,154.1,0,AIS_CLASS_A
477001006,V006,BACKGROUND VESSEL 6,2024-03-15T11:24:00Z,17.13532,60.97471,7.0,154.9,0,AIS_CLASS_A
477001006,V006,BACKGROUND VESSEL 6,2024-03-15T11:33:00Z,17.11983,60.98398,6.8,154.8,0,AIS_CLASS_A
477001006,V006,BACKGROUND VESSEL 6,2024-03-15T11:39:00Z,17.10925,60.98815,6.8,154.2,0,AIS_CLASS_A
477001006,V006,BACKGROUND VESSEL 6,2024-03-15T11:48:00Z,17.09204,60.99568,7.0,154.7,0,AIS_CLASS_A
477001006,V006,BACKGROUND VESSEL 6,2024-03-15T11:54:00Z,17.08107,61.00131,7.3,153.8,0,AIS_CLASS_A
477001007,V007,BACKGROUND VESSEL 7,2024-03-15T00:00:00Z,16.92914,64.93047,12.6,256.3,0,AIS_CLASS_A
477001007,V007,BACKGROUND VESSEL 7,2024-03-15T00:06:00Z,16.92431,64.9107,12.7,255.3,0,AIS_CLASS_A
477001007,V007,BACKGROUND VESSEL 7,2024-03-15T00:16:00Z,16.91526,64.87429,12.8,256.1,0,AIS_CLASS_A
477001007,V007,BACKGROUND VESSEL 7,2024-03-15T00:22:00Z,16.9102,64.85264,13.0,255.8,0,AIS_CLASS_A
477001007,V007,BACKGROUND VESSEL 7,2024-03-15T00:31:00Z,16.90141,64.82004,13.0,254.5,0,AIS_CLASS_A
477001007,V007,BACKGROUND VESSEL 7,2024-03-15T00:37:00Z,16.89572,64.79839,12.9,255.8,0,AIS_CLASS_A
477001007,V007,BACKGROUND VESSEL 7,2024-03-15T00:46:00Z,16.88847,64.76599,12.9,255.6,0,AIS_CLASS_A
477001007,V007,BACKGROUND VESSEL 7,2024-03-15T00:56:00Z,16.87961,64.73158,13.2,255.5,0,AIS_CLASS_A
477001007,V007,BACKGROUND VESSEL 7,2024-03-15T01:01:00Z,16.87471,64.71204,13.4,254.9,0,AIS_CLASS_A
477001007,V007,BACKGROUND VESSEL 7,2024-03-15T01:12:00Z,16.86341,64.6714,13.6,253.1,0,AIS_CLASS_A
477001007,V007,BACKGROUND VESSEL 7,2024-03-15T01:18:00Z,16.85802,64.64863,13.6,254.4,0,AIS_CLASS_A
477001007,V007,BACKGROUND VESSEL 7,2024-03-15T01:24:00Z,16.85217,64.62518,14.0,255.1,0,AIS_CLASS_A
477001007,V007,BACKGROUND VESSEL 7,2024-03-15T01:31:00Z,16.84498,64.59776,14.0,256.2,0,AIS_CLASS_A
477001007,V007,BACKGROUND VESSEL 7,2024-03-15T01:42:00Z,16.83343,64.55367,14.0,256.8,0,AIS_CLASS_A
477001007,V007,BACKGROUND VESSEL 7,2024-03-15T01:50:00Z,16.82387,64.52163,14.2,255.6,0,AIS_CLASS_A
477001007,V007,BACKGROUND VESSEL 7,2024-03-15T02:00:00Z,16.81305,64.48307,13.9,256.4,0,AIS_CLASS_A
477001007,V007,BACKGROUND VESSEL 7,2024-03-15T02:09:00Z,16.80626,64.44904,13.6,254.4,0,AIS_CLASS_A
477001007,V007,BACKGROUND VESSEL 7,2024-03-15T02:15:00Z,16.80054,64.42709,13.5,253.8,0,AIS_CLASS_A
477001007,V007,BACKGROUND VESSEL 7,2024-03-15T02:25:00Z,16.79097,64.38859,13.3,250.6,0,AIS_CLASS_A
477001007,V007,BACKGROUND VESSEL 7,2024-03-15T02:30:00Z,16.78545,64.37054,13.6,249.9,0,AIS_CLASS_A
477001007,V007,BACKGROUND VESSEL 7,2024-03-15T02:36:00Z,16.77879,64.34819,13.3,251.5,0,AIS_CLASS_A
477001007,V007,BACKGROUND VESSEL 7,2024-03-15T02:43:00Z,16.77098,64.3218,13.3,253.9,0,AIS_CLASS_A
477001007,V007,BACKGROUND VESSEL 7,2024-03-15T02:50:00Z,16.76395,64.29626,13.7,253.6,0,AIS_CLASS_A
477001007,V007,BACKGROUND VESSEL 7,2024-03-15T03:00:00Z,16.75615,64.2571,13.7,254.2,0,AIS_CLASS_A
477001007,V007,BACKGROUND VESSEL 7,2024-03-15T03:07:00Z,16.74858,64.22878,13.9,253.9,0,AIS_CLASS_A
477001007,V007,BACKGROUND VESSEL 7,2024-03-15T03:13:00Z,16.74326,64.20614,14.0,256.6,0,AIS_CLASS_A
477001007,V007,BACKGROUND VESSEL 7,2024-03-15T03:19:00Z,16.73778,64.18202,14.4,256.5,0,AIS_CLASS_A
477001007,V007,BACKGROUND VESSEL 7,2024-03-15T03:30:00Z,16.72757,64.13797,14.5,256.9,0,AIS_CLASS_A
477001007,V007,BACKGROUND VESSEL 7,2024-03-15T03:38:00Z,16.72037,64.1025,14.3,256.8,0,AIS_CLASS_A
477001007,V007,BACKGROUND VESSEL 7,2024-03-15T03:49:00Z,16.71044,64.05742,14.4,255.6,0,AIS_CLASS_A
477001007,V007,BACKGROUND VESSEL 7,2024-03-15T03:54:00Z,16.70351,64.03609,14.4,253.1,0,AIS_CLASS_A
477001007,V007,BACKGROUND VESSEL 7,2024-03-15T04:02:00Z,16.69397,64.00387,14.7,251.6,0,AIS_CLASS_A
477001007,V007,BACKGROUND VESSEL 7,2024-03-15T04:10:00Z,16.68424,63.97006,14.8,250.0,0,AIS_CLASS_A
477001007,V007,BACKGROUND VESSEL 7,2024-03-15T04:15:00Z,16.67693,63.94911,14.9,248.3,0,AIS_CLASS_A
477001007,V007,BACKGROUND VESSEL 7,2024-03-15T04:22:00Z,16.66757,63.92122,14.5,248.6,0,AIS_CLASS_A
477001007,V007,BACKGROUND VESSEL 7,2024-03-15T04:29:00Z,16.65826,63.89364,14.3,247.6,0,AIS_CLASS_A
477001007,V007,BACKGROUND VESSEL 7,2024-03-15T04:38:00Z,16.64508,63.85911,14.4,249.7,0,AIS_CLASS_A
477001007,V007,BACKGROUND VESSEL 7,2024-03-15T04:47:00Z,16.63266,63.82309,14.3,253.7,0,AIS_CLASS_A
477001007,V007,BACKGROUND VESSEL 7,2024-03-15T04:52:00Z,16.62645,63.80365,14.3,254.2,0,AIS_CLASS_A
477001007,V007,BACKGROUND VESSEL 7,2024-03-15T04:58:00Z,16.62064,63.78205,14.2,254.5,0,AIS_CLASS_A
477001007,V007,BACKGROUND VESSEL 7,2024-03-15T05:07:00Z,16.61188,63.74575,13.9,255.9,0,AIS_CLASS_A
477001007,V007,BACKGROUND VESSEL 7,2024-03-15T05:18:00Z,16.6045,63.70407,13.9,257.9,0,AIS_CLASS_A
477001007,V007,BACKGROUND VESSEL 7,2024-03-15T05:26:00Z,16.59805,63.67254,13.9,258.7,0,AIS_CLASS_A
477001007,V007,BACKGROUND VESSEL 7,2024-03-15T05:36:00Z,16.58891,63.63286,14.0,259.4,0,AIS_CLASS_A
477001007,V007,BACKGROUND VESSEL 7,2024-03-15T05:45:00Z,16.58191,63.59601,13.7,260.3,0,AIS_CLASS_A
477001007,V007,BACKGROUND VESSEL 7,2024-03-15T05:53:00Z,16.57618,63.5643,13.6,261.5,0,AIS_CLASS_A
477001007,V007,BACKGROUND VESSEL 7,2024-03-15T06:01:00Z,16.57095,63.53403,13.8,261.3,0,AIS_CLASS_A
477001007,V007,BACKGROUND VESSEL 7,2024-03-15T06:12:00Z,16.56474,63.49307,13.6,262.0,0,AIS_CLASS_A
477001007,V007,BACKGROUND VESSEL 7,2024-03-15T06:19:00Z,16.56095,63.46647,13.4,261.3,0,AIS_CLASS_A
477001007,V007,BACKGROUND VESSEL 7,2024-03-15T06:27:00Z,16.55623,63.43603,13.3,261.7,0,AIS_CLASS_A
477001007,V007,BACKGROUND VESSEL 7,2024-03-15T06:33:00Z,16.55362,63.41413,13.5,260.8,0,AIS_CLASS_A
477001007,V007,BACKGROUND VESSEL 7,2024-03-15T06:40:00Z,16.54981,63.38757,13.4,263.4,0,AIS_CLASS_A
477001007,V007,BACKGROUND VESSEL 7,2024-03-15T06:48:00Z,16.5438,63.35781,13.2,260.5,0,AIS_CLASS_A
477001007,V007,BACKGROUND VESSEL 7,2024-03-15T06:58:00Z,16.53814,63.31992,13.4,261.0,0,AIS_CLASS_A
477001007,V007,BACKGROUND VESSEL 7,2024-03-15T07:03:00Z,16.53578,63.30011,13.4,260.4,0,AIS_CLASS_A
477001007,V007,BACKGROUND VESSEL 7,2024-03-15T07:10:00Z,16.53131,63.27384,13.3,258.6,0,AIS_CLASS_A
477001007,V007,BACKGROUND VESSEL 7,2024-03-15T07:15:00Z,16.52836,63.25789,13.4,258.7,0,AIS_CLASS_A
477001007,V007,BACKGROUND VESSEL 7,2024-03-15T07:23:00Z,16.52231,63.22633,13.3,260.4,0,AIS_CLASS_A
477001007,V007,BACKGROUND VESSEL 7,2024-03-15T07:31:00Z,16.51691,63.19719,13.4,257.6,0,AIS_CLASS_A
477001007,V007,BACKGROUND VESSEL 7,2024-03-15T07:42:00Z,16.50799,63.1553,13.4,254.9,0,AIS_CLASS_A
477001007,V007,BACKGROUND VESSEL 7,2024-03-15T07:53:00Z,16.49684,63.11297,13.6,257.1,0,AIS_CLASS_A
477001007,V007,BACKGROUND VESSEL 7,2024-03-15T07:59:00Z,16.49045,63.09045,13.2,258.3,0,AIS_CLASS_A
477001007,V007,BACKGROUND VESSEL 7,2024-03-15T08:09:00Z,16.48266,63.0538,13.6,255.6,0,AIS_CLASS_A
477001007,V007,BACKGROUND VESSEL 7,2024-03-15T08:14:00Z,16.47696,63.03512,13.7,258.2,0,AIS_CLASS_A
477001007,V007,BACKGROUND VESSEL 7,2024-03-15T08:19:00Z,16.47417,63.01395,13.6,258.8,0,AIS_CLASS_A
477001007,V007,BACKGROUND VESSEL 7,2024-03-15T08:26:00Z,16.46902,62.98649,13.6,258.9,0,AIS_CLASS_A
477001007,V007,BACKGROUND VESSEL 7,2024-03-15T08:34:00Z,16.46516,62.95675,13.6,259.3,0,AIS_CLASS_A
477001007,V007,BACKGROUND VESSEL 7,2024-03-15T08:41:00Z,16.46008,62.93032,14.0,261.6,0,AIS_CLASS_A
477001007,V007,BACKGROUND VESSEL 7,2024-03-15T08:50:00Z,16.4537,62.8943,14.1,262.2,0,AIS_CLASS_A
477001007,V007,BACKGROUND VESSEL 7,2024-03-15T08:55:00Z,16.4499,62.87565,14.1,262.5,0,AIS_CLASS_A
477001007,V007,BACKGROUND VESSEL 7,2024-03-15T09:06:00Z,16.44374,62.83173,14.1,262.6,0,AIS_CLASS_A
477001007,V007,BACKGROUND VESSEL 7,2024-03-15T09:14:00Z,16.44133,62.79941,14.3,263.1,0,AIS_CLASS_A
477001007,V007,BACKGROUND VESSEL 7,2024-03-15T09:22:00Z,16.43755,62.76661,14.4,262.2,0,AIS_CLASS_A
477001007,V007,BACKGROUND VESSEL 7,2024-03-15T09:30:00Z,16.43436,62.73282,14.4,262.5,0,AIS_CLASS_A
477001007,V007,BACKGROUND VESSEL 7,2024-03-15T09:35:00Z,16.43174,62.7123,14.1,260.0,0,AIS_CLASS_A
477001007,V007,BACKGROUND VESSEL 7,2024-03-15T09:46:00Z,16.42378,62.66629,14.1,261.5,0,AIS_CLASS_A
477001007,V007,BACKGROUND VESSEL 7,2024-03-15T09:55:00Z,16.41926,62.63092,14.3,259.9,0,AIS_CLASS_A
477001007,V007,BACKGROUND VESSEL 7,2024-03-15T10:03:00Z,16.41483,62.59813,14.4,260.3,0,AIS_CLASS_A
477001007,V007,BACKGROUND VESSEL 7,2024-03-15T10:14:00Z,16.40779,62.55268,14.4,259.7,0,AIS_CLASS_A
477001007,V007,BACKGROUND VESSEL 7,2024-03-15T10:19:00Z,16.40488,62.53265,14.2,259.9,0,AIS_CLASS_A
477001007,V007,BACKGROUND VESSEL 7,2024-03-15T10:26:00Z,16.4011,62.50185,14.2,260.9,0,AIS_CLASS_A
477001007,V007,BACKGROUND VESSEL 7,2024-03-15T10:33:00Z,16.39723,62.47308,14.3,259.5,0,AIS_CLASS_A
477001007,V007,BACKGROUND VESSEL 7,2024-03-15T10:38:00Z,16.39355,62.45367,14.2,257.9,0,AIS_CLASS_A
477001007,V007,BACKGROUND VESSEL 7,2024-03-15T10:46:00Z,16.38523,62.42081,14.2,262.4,0,AIS_CLASS_A
477001007,V007,BACKGROUND VESSEL 7,2024-03-15T10:53:00Z,16.38151,62.38955,14.1,264.6,0,AIS_CLASS_A
477001007,V007,BACKGROUND VESSEL 7,2024-03-15T11:00:00Z,16.37897,62.36052,14.1,267.0,0,AIS_CLASS_A
477001007,V007,BACKGROUND VESSEL 7,2024-03-15T11:08:00Z,16.37673,62.32807,14.1,267.6,0,AIS_CLASS_A
477001007,V007,BACKGROUND VESSEL 7,2024-03-15T11:15:00Z,16.37757,62.29815,14.2,268.6,0,AIS_CLASS_A
477001007,V007,BACKGROUND VESSEL 7,2024-03-15T11:22:00Z,16.37563,62.27016,14.4,268.0,0,AIS_CLASS_A
477001007,V007,BACKGROUND VESSEL 7,2024-03-15T11:32:00Z,16.37595,62.22791,14.5,266.0,0,AIS_CLASS_A
477001007,V007,BACKGROUND VESSEL 7,2024-03-15T11:41:00Z,16.37232,62.18979,14.7,264.8,0,AIS_CLASS_A
477001007,V007,BACKGROUND VESSEL 7,2024-03-15T11:47:00Z,16.37078,62.16417,14.7,265.9,0,AIS_CLASS_A
477001007,V007,BACKGROUND VESSEL 7,2024-03-15T11:53:00Z,16.36903,62.13787,14.5,266.3,0,AIS_CLASS_A
477001008,V008,BACKGROUND VESSEL 8,2024-03-15T00:00:00Z,18.71696,66.70175,9.6,76.2,0,AIS_CLASS_A
477001008,V008,BACKGROUND VESSEL 8,2024-03-15T00:08:00Z,18.72237,66.72207,9.4,74.8,0,AIS_CLASS_A
477001008,V008,BACKGROUND VESSEL 8,2024-03-15T00:18:00Z,18.73117,66.74706,9.4,73.7,0,AIS_CLASS_A
477001008,V008,BACKGROUND VESSEL 8,2024-03-15T00:23:00Z,18.73371,66.75928,9.5,73.4,0,AIS_CLASS_A
477001008,V008,BACKGROUND VESSEL 8,2024-03-15T00:29:00Z,18.73938,66.77572,9.6,71.6,0,AIS_CLASS_A
477001008,V008,BACKGROUND VESSEL 8,2024-03-15T00:38:00Z,18.74503,66.80046,9.9,68.5,0,AIS_CLASS_A
477001008,V008,BACKGROUND VESSEL 8,2024-03-15T00:47:00Z,18.75434,66.82551,9.8,69.7,0,AIS_CLASS_A
477001008,V008,BACKGROUND VESSEL 8,2024-03-15T00:54:00Z,18.76127,66.84557,9.9,69.9,0,AIS_CLASS_A
477001008,V008,BACKGROUND VESSEL 8,2024-03-15T01:01:00Z,18.76705,66.86394,9.9,69.3,0,AIS_CLASS_A
477001008,V008,BACKGROUND VESSEL 8,2024-03-15T01:10:00Z,18.77586,66.88764,10.2,69.5,0,AIS_CLASS_A
477001008,V008,BACKGROUND VESSEL 8,2024-03-15T01:20:00Z,18.78758,66.91651,10.1,72.1,0,AIS_CLASS_A
477001008,V008,BACKGROUND VESSEL 8,2024-03-15T01:27:00Z,18.79427,66.93726,9.9,72.7,0,AIS_CLASS_A
477001008,V008,BACKGROUND VESSEL 8,2024-03-15T01:35:00Z,18.80025,66.95936,9.9,72.7,0,AIS_CLASS_A
477001008,V008,BACKGROUND VESSEL 8,2024-03-15T01:42:00Z,18.80811,66.97922,9.9,73.7,0,AIS_CLASS_A
477001008,V008,BACKGROUND VESSEL 8,2024-03-15T01:52:00Z,18.81631,67.00813,9.8,73.0,0,AIS_CLASS_A
477001008,V008,BACKGROUND VESSEL 8,2024-03-15T02:01:00Z,18.82511,67.03622,10.1,70.9,0,AIS_CLASS_A
477001008,V008,BACKGROUND VESSEL 8,2024-03-15T02:09:00Z,18.83209,67.05809,10.0,69.9,0,AIS_CLASS_A
477001008,V008,BACKGROUND VESSEL 8,2024-03-15T02:15:00Z,18.83764,67.07556,9.7,69.8,0,AIS_CLASS_A
477001008,V008,BACKGROUND VESSEL 8,2024-03-15T02:25:00Z,18.84636,67.10171,9.7,68.8,0,AIS_CLASS_A
477001008,V008,BACKGROUND VESSEL 8,2024-03-15T02:36:00Z,18.85663,67.13314,10.0,65.5,0,AIS_CLASS_A
477001008,V008,BACKGROUND VESSEL 8,2024-03-15T02:47:00Z,18.87105,67.16291,9.7,64.9,0,AIS_CLASS_A
477001008,V008,BACKGROUND VESSEL 8,2024-03-15T02:58:00Z,18.88406,67.19066,9.6,64.0,0,AIS_CLASS_A
477001008,V008,BACKGROUND VESSEL 8,2024-03-15T03:07:00Z,18.89374,67.21318,9.2,63.6,0,AIS_CLASS_A
477001008,V008,BACKGROUND VESSEL 8,2024-03-15T03:16:00Z,18.90402,67.23768,9.4,64.4,0,AIS_CLASS_A
477001008,V008,BACKGROUND VESSEL 8,2024-03-15T03:21:00Z,18.9096,67.25057,9.7,68.8,0,AIS_CLASS_A
477001008,V008,BACKGROUND VESSEL 8,2024-03-15T03:31:00Z,18.92102,67.27671,9.7,67.8,0,AIS_CLASS_A
477001008,V008,BACKGROUND VESSEL 8,2024-03-15T03:36:00Z,18.92554,67.28944,10.1,71.9,0,AIS_CLASS_A
477001008,V008,BACKGROUND VESSEL 8,2024-03-15T03:46:00Z,18.9339,67.31627,10.1,74.8,0,AIS_CLASS_A
477001008,V008,BACKGROUND VESSEL 8,2024-03-15T03:57:00Z,18.94138,67.34847,9.8,76.6,0,AIS_CLASS_A
477001008,V008,BACKGROUND VESSEL 8,2024-03-15T04:05:00Z,18.94531,67.37081,10.0,77.2,0,AIS_CLASS_A
477001008,V008,BACKGROUND VESSEL 8,2024-03-15T04:12:00Z,18.95005,67.38994,9.8,78.0,0,AIS_CLASS_A
477001008,V008,BACKGROUND VESSEL 8,2024-03-15T04:21:00Z,18.95608,67.41551,10.2,78.2,0,AIS_CLASS_A
477001008,V008,BACKGROUND VESSEL 8,2024-03-15T04:29:00Z,18.96265,67.43913,10.3,79.5,0,AIS_CLASS_A
477001008,V008,BACKGROUND VESSEL 8,2024-03-15T04:36:00Z,18.96559,67.46069,10.4,80.0,0,AIS_CLASS_A
477001008,V008,BACKGROUND VESSEL 8,2024-03-15T04:46:00Z,18.97063,67.48983,10.3,78.9,0,AIS_CLASS_A
477001008,V008,BACKGROUND VESSEL 8,2024-03-15T04:51:00Z,18.97383,67.50587,10.2,79.8,0,AIS_CLASS_A
477001008,V008,BACKGROUND VESSEL 8,2024-03-15T04:56:00Z,18.97762,67.51982,10.1,79.4,0,AIS_CLASS_A
477001008,V008,BACKGROUND VESSEL 8,2024-03-15T05:01:00Z,18.98118,67.53641,9.6,78.1,0,AIS_CLASS_A
477001008,V008,BACKGROUND VESSEL 8,2024-03-15T05:07:00Z,18.98443,67.55148,10.0,80.1,0,AIS_CLASS_A
477001008,V008,BACKGROUND VESSEL 8,2024-03-15T05:15:00Z,18.98756,67.57569,10.0,81.2,0,AIS_CLASS_A
477001008,V008,BACKGROUND VESSEL 8,2024-03-15T05:25:00Z,18.99297,67.60517,9.9,80.8,0,AIS_CLASS_A
477001008,V008,BACKGROUND VESSEL 8,2024-03-15T05:31:00Z,18.99358,67.62274,10.2,80.3,0,AIS_CLASS_A
477001008,V008,BACKGROUND VESSEL 8,2024-03-15T05:38:00Z,18.99432,67.64397,9.9,81.1,0,AIS_CLASS_A
477001008,V008,BACKGROUND VESSEL 8,2024-03-15T05:44:00Z,18.99773,67.65915,10.1,82.9,0,AIS_CLASS_A
477001008,V008,BACKGROUND VESSEL 8,2024-03-15T05:53:00Z,19.00146,67.68476,10.4,82.6,0,AIS_CLASS_A
477001008,V008,BACKGROUND VESSEL 8,2024-03-15T05:58:00Z,19.00362,67.69984,10.4,84.9,0,AIS_CLASS_A
477001008,V008,BACKGROUND VESSEL 8,2024-03-15T06:03:00Z,19.00408,67.71611,10.4,86.9,0,AIS_CLASS_A
477001008,V008,BACKGROUND VESSEL 8,2024-03-15T06:12:00Z,19.00492,67.74518,10.5,86.7,0,AIS_CLASS_A
477001008,V008,BACKGROUND VESSEL 8,2024-03-15T06:23:00Z,19.00733,67.77886,10.7,86.0,0,AIS_CLASS_A
477001008,V008,BACKGROUND VESSEL 8,2024-03-15T06:28:00Z,19.0087,67.79327,10.2,86.0,0,AIS_CLASS_A
477001008,V008,BACKGROUND VESSEL 8,2024-03-15T06:35:00Z,19.01015,67.81349,10.2,87.7,0,AIS_CLASS_A
477001008,V008,BACKGROUND VESSEL 8,2024-03-15T06:40:00Z,19.01144,67.8286,10.2,88.2,0,AIS_CLASS_A
477001008,V008,BACKGROUND VESSEL 8,2024-03-15T06:45:00Z,19.01363,67.84353,10.6,88.7,0,AIS_CLASS_A
477001008,V008,BACKGROUND VESSEL 8,2024-03-15T06:56:00Z,19.01373,67.87713,10.4,87.9,0,AIS_CLASS_A
477001008,V008,BACKGROUND VESSEL 8,2024-03-15T07:03:00Z,19.01266,67.90001,10.1,85.3,0,AIS_CLASS_A
477001008,V008,BACKGROUND VESSEL 8,2024-03-15T07:14:00Z,19.01774,67.93085,10.0,83.8,0,AIS_CLASS_A
477001008,V008,BACKGROUND VESSEL 8,2024-03-15T07:19:00Z,19.02072,67.94606,10.0,85.0,0,AIS_CLASS_A
477001008,V008,BACKGROUND VESSEL 8,2024-03-15T07:25:00Z,19.02106,67.96273,9.7,85.2,0,AIS_CLASS_A
477001008,V008,BACKGROUND VESSEL 8,2024-03-15T07:34:00Z,19.02287,67.98705,10.0,85.0,0,AIS_CLASS_A
477001008,V008,BACKGROUND VESSEL 8,2024-03-15T07:39:00Z,19.02461,68.00119,9.8,83.0,0,AIS_CLASS_A
477001008,V008,BACKGROUND VESSEL 8,2024-03-15T07:49:00Z,19.02697,68.03155,9.8,82.8,0,AIS_CLASS_A
477001008,V008,BACKGROUND VESSEL 8,2024-03-15T07:56:00Z,19.02992,68.05081,9.6,83.1,0,AIS_CLASS_A
477001008,V008,BACKGROUND VESSEL 8,2024-03-15T08:06:00Z,19.03373,68.07969,9.4,80.5,0,AIS_CLASS_A
477001008,V008,BACKGROUND VESSEL 8,2024-03-15T08:12:00Z,19.03461,68.09478,9.6,79.2,0,AIS_CLASS_A
477001008,V008,BACKGROUND VESSEL 8,2024-03-15T08:19:00Z,19.03805,68.11381,9.4,80.7,0,AIS_CLASS_A
477001008,V008,BACKGROUND VESSEL 8,2024-03-15T08:27:00Z,19.04136,68.1363,9.5,77.3,0,AIS_CLASS_A
477001008,V008,BACKGROUND VESSEL 8,2024-03-15T08:36:00Z,19.04786,68.16083,9.3,78.0,0,AIS_CLASS_A
477001008,V008,BACKGROUND VESSEL 8,2024-03-15T08:41:00Z,19.04987,68.17506,9.1,76.6,0,AIS_CLASS_A
477001008,V008,BACKGROUND VESSEL 8,2024-03-15T08:49:00Z,19.05594,68.19656,9.6,78.4,0,AIS_CLASS_A
477001008,V008,BACKGROUND VESSEL 8,2024-03-15T09:00:00Z,19.06242,68.22716,9.8,77.9,0,AIS_CLASS_A
477001008,V008,BACKGROUND VESSEL 8,2024-03-15T09:05:00Z,19.06569,68.24266,9.8,78.6,0,AIS_CLASS_A
477001008,V008,BACKGROUND VESSEL 8,2024-03-15T09:15:00Z,19.07058,68.27153,9.9,78.3,0,AIS_CLASS_A
477001008,V008,BACKGROUND VESSEL 8,2024-03-15T09:24:00Z,19.07515,68.29775,10.0,78.9,0,AIS_CLASS_A
477001008,V008,BACKGROUND VESSEL 8,2024-03-15T09:30:00Z,19.07944,68.3151,10.1,78.9,0,AIS_CLASS_A
477001008,V008,BACKGROUND VESSEL 8,2024-03-15T09:39:00Z,19.08493,68.33979,10.5,79.9,0,AIS_CLASS_A
477001008,V008,BACKGROUND VESSEL 8,2024-03-15T09:49:00Z,19.09012,68.36946,10.4,82.0,0,AIS_CLASS_A
477001008,V008,BACKGROUND VESSEL 8,2024-03-15T09:58:00Z,19.09468,68.39646,10.5,83.9,0,AIS_CLASS_A
477001008,V008,BACKGROUND VESSEL 8,2024-03-15T10:09:00Z,19.09975,68.42996,10.3,84.2,0,AIS_CLASS_A
477001008,V008,BACKGROUND VESSEL 8,2024-03-15T10:14:00Z,19.10285,68.44597,10.3,83.7,0,AIS_CLASS_A
477001008,V008,BACKGROUND VESSEL 8,2024-03-15T10:21:00Z,19.1045,68.46687,10.1,79.1,0,AIS_CLASS_A
477001008,V008,BACKGROUND VESSEL 8,2024-03-15T10:29:00Z,19.10852,68.48844,10.4,78.1,0,AIS_CLASS_A
477001008,V008,BACKGROUND VESSEL 8,2024-03-15T10:34:00Z,19.11317,68.50254,10.3,78.1,0,AIS_CLASS_A
477001008,V008,BACKGROUND VESSEL 8,2024-03-15T10:42:00Z,19.11719,68.5269,10.6,78.1,0,AIS_CLASS_A
477001008,V008,BACKGROUND VESSEL 8,2024-03-15T10:49:00Z,19.12083,68.54835,10.9,78.1,0,AIS_CLASS_A
477001008,V008,BACKGROUND VESSEL 8,2024-03-15T10:54:00Z,19.12448,68.56569,10.6,79.7,0,AIS_CLASS_A
477001008,V008,BACKGROUND VESSEL 8,2024-03-15T11:04:00Z,19.12847,68.59696,10.5,77.9,0,AIS_CLASS_A
477001008,V008,BACKGROUND VESSEL 8,2024-03-15T11:12:00Z,19.13394,68.61922,10.4,78.1,0,AIS_CLASS_A
477001008,V008,BACKGROUND VESSEL 8,2024-03-15T11:17:00Z,19.13778,68.63383,10.3,77.3,0,AIS_CLASS_A
477001008,V008,BACKGROUND VESSEL 8,2024-03-15T11:23:00Z,19.14134,68.65165,10.2,79.0,0,AIS_CLASS_A
477001008,V008,BACKGROUND VESSEL 8,2024-03-15T11:30:00Z,19.14497,68.67407,10.3,77.2,0,AIS_CLASS_A
477001008,V008,BACKGROUND VESSEL 8,2024-03-15T11:36:00Z,19.15027,68.6902,10.7,77.9,0,AIS_CLASS_A
477001008,V008,BACKGROUND VESSEL 8,2024-03-15T11:45:00Z,19.15497,68.71776,10.8,77.7,0,AIS_CLASS_A
477001008,V008,BACKGROUND VESSEL 8,2024-03-15T11:54:00Z,19.16101,68.74543,10.5,76.3,0,AIS_CLASS_A
477001009,V009,BACKGROUND VESSEL 9,2024-03-15T00:00:00Z,19.478,66.13432,12.6,204.6,0,AIS_CLASS_A
477001009,V009,BACKGROUND VESSEL 9,2024-03-15T00:06:00Z,19.4592,66.12494,12.7,207.6,0,AIS_CLASS_A
477001009,V009,BACKGROUND VESSEL 9,2024-03-15T00:15:00Z,19.42977,66.10935,12.9,208.8,0,AIS_CLASS_A
477001009,V009,BACKGROUND VESSEL 9,2024-03-15T00:25:00Z,19.39668,66.09084,12.7,208.4,0,AIS_CLASS_A
477001009,V009,BACKGROUND VESSEL 9,2024-03-15T00:32:00Z,19.37405,66.07831,12.9,211.0,0,AIS_CLASS_A
477001009,V009,BACKGROUND VESSEL 9,2024-03-15T00:42:00Z,19.34345,66.05921,13.2,211.0,0,AIS_CLASS_A
477001009,V009,BACKGROUND VESSEL 9,2024-03-15T00:52:00Z,19.31132,66.03901,13.5,210.4,0,AIS_CLASS_A
477001009,V009,BACKGROUND VESSEL 9,2024-03-15T01:01:00Z,19.28214,66.02129,13.4,211.3,0,AIS_CLASS_A
477001009,V009,BACKGROUND VESSEL 9,2024-03-15T01:06:00Z,19.26772,66.00994,13.0,209.1,0,AIS_CLASS_A
477001009,V009,BACKGROUND VESSEL 9,2024-03-15T01:11:00Z,19.25089,66.00052,12.9,206.7,0,AIS_CLASS_A
477001009,V009,BACKGROUND VESSEL 9,2024-03-15T01:20:00Z,19.22006,65.9842,12.8,207.4,0,AIS_CLASS_A
477001009,V009,BACKGROUND VESSEL 9,2024-03-15T01:27:00Z,19.1971,65.97076,12.9,206.9,0,AIS_CLASS_A
477001009,V009,BACKGROUND VESSEL 9,2024-03-15T01:33:00Z,19.17801,65.96064,12.8,206.7,0,AIS_CLASS_A
477001009,V009,BACKGROUND VESSEL 9,2024-03-15T01:44:00Z,19.14162,65.94195,12.6,207.0,0,AIS_CLASS_A
477001009,V009,BACKGROUND VESSEL 9,2024-03-15T01:53:00Z,19.11278,65.92765,12.9,208.5,0,AIS_CLASS_A
477001009,V009,BACKGROUND VESSEL 9,2024-03-15T02:03:00Z,19.08004,65.90944,12.7,209.9,0,AIS_CLASS_A
477001009,V009,BACKGROUND VESSEL 9,2024-03-15T02:08:00Z,19.06606,65.90004,12.5,211.5,0,AIS_CLASS_A
477001009,V009,BACKGROUND VESSEL 9,2024-03-15T02:19:00Z,19.03416,65.87871,12.6,212.6,0,AIS_CLASS_A
477001009,V009,BACKGROUND VESSEL 9,2024-03-15T02:30:00Z,19.00027,65.8555,12.5,214.6,0,AIS_CLASS_A
477001009,V009,BACKGROUND VESSEL 9,2024-03-15T02:36:00Z,18.98216,65.84365,12.6,213.7,0,AIS_CLASS_A
477001009,V009,BACKGROUND VESSEL 9,2024-03-15T02:47:00Z,18.95169,65.82199,12.9,209.5,0,AIS_CLASS_A
477001009,V009,BACKGROUND VESSEL 9,2024-03-15T02:58:00Z,18.91675,65.80182,13.0,211.9,0,AIS_CLASS_A
477001009,V009,BACKGROUND VESSEL 9,2024-03-15T03:08:00Z,18.88594,65.78132,13.0,211.5,0,AIS_CLASS_A
477001009,V009,BACKGROUND VESSEL 9,2024-03-15T03:14:00Z,18.86836,65.77068,13.1,210.6,0,AIS_CLASS_A
477001009,V009,BACKGROUND VESSEL 9,2024-03-15T03:19:00Z,18.85407,65.75955,13.1,212.1,0,AIS_CLASS_A
477001009,V009,BACKGROUND VESSEL 9,2024-03-15T03:25:00Z,18.83749,65.74812,13.3,212.0,0,AIS_CLASS_A
477001009,V009,BACKGROUND VESSEL 9,2024-03-15T03:33:00Z,18.81123,65.73168,13.2,212.9,0,AIS_CLASS_A
477001009,V009,BACKGROUND VESSEL 9,2024-03-15T03:41:00Z,18.78689,65.71572,13.0,213.7,0,AIS_CLASS_A
477001009,V009,BACKGROUND VESSEL 9,2024-03-15T03:50:00Z,18.75978,65.69809,12.7,215.5,0,AIS_CLASS_A
477001009,V009,BACKGROUND VESSEL 9,2024-03-15T04:01:00Z,18.72931,65.67352,13.1,214.4,0,AIS_CLASS_A
477001009,V009,BACKGROUND VESSEL 9,2024-03-15T04:09:00Z,18.70611,65.65848,13.1,215.5,0,AIS_CLASS_A
477001009,V009,BACKGROUND VESSEL 9,2024-03-15T04:16:00Z,18.68688,65.64261,13.0,216.7,0,AIS_CLASS_A
477001009,V009,BACKGROUND VESSEL 9,2024-03-15T04:27:00Z,18.65524,65.61714,13.0,217.1,0,AIS_CLASS_A
477001009,V009,BACKGROUND VESSEL 9,2024-03-15T04:36:00Z,18.63,65.59629,13.1,219.0,0,AIS_CLASS_A
477001009,V009,BACKGROUND VESSEL 9,2024-03-15T04:44:00Z,18.60652,65.57508,13.1,218.1,0,AIS_CLASS_A
477001009,V009,BACKGROUND VESSEL 9,2024-03-15T04:54:00Z,18.57658,65.55007,12.9,219.7,0,AIS_CLASS_A
477001009,V009,BACKGROUND VESSEL 9,2024-03-15T05:01:00Z,18.55685,65.53296,12.7,221.0,0,AIS_CLASS_A
477001009,V009,BACKGROUND VESSEL 9,2024-03-15T05:07:00Z,18.54272,65.5185,12.5,222.5,0,AIS_CLASS_A
477001009,V009,BACKGROUND VESSEL 9,2024-03-15T05:14:00Z,18.52454,65.5016,12.3,222.4,0,AIS_CLASS_A
477001009,V009,BACKGROUND VESSEL 9,2024-03-15T05:23:00Z,18.50313,65.4784,12.2,220.4,0,AIS_CLASS_A
477001009,V009,BACKGROUND VESSEL 9,2024-03-15T05:33:00Z,18.47727,65.45623,11.9,219.5,0,AIS_CLASS_A
477001009,V009,BACKGROUND VESSEL 9,2024-03-15T05:40:00Z,18.46083,65.44186,11.6,220.3,0,AIS_CLASS_A
477001009,V009,BACKGROUND VESSEL 9,2024-03-15T05:46:00Z,18.44673,65.42885,11.9,220.5,0,AIS_CLASS_A
477001009,V009,BACKGROUND VESSEL 9,2024-03-15T05:52:00Z,18.43277,65.41591,11.6,223.1,0,AIS_CLASS_A
477001009,V009,BACKGROUND VESSEL 9,2024-03-15T05:57:00Z,18.42174,65.40558,11.6,222.7,0,AIS_CLASS_A
477001009,V009,BACKGROUND VESSEL 9,2024-03-15T06:08:00Z,18.39685,65.38018,11.3,222.6,0,AIS_CLASS_A
477001009,V009,BACKGROUND VESSEL 9,2024-03-15T06:16:00Z,18.37717,65.36408,11.1,224.8,0,AIS_CLASS_A
477001009,V009,BACKGROUND VESSEL 9,2024-03-15T06:25:00Z,18.3591,65.34312,11.0,222.2,0,AIS_CLASS_A
477001009,V009,BACKGROUND VESSEL 9,2024-03-15T06:34:00Z,18.34094,65.32268,10.9,218.1,0,AIS_CLASS_A
477001009,V009,BACKGROUND VESSEL 9,2024-03-15T06:40:00Z,18.32736,65.3118,10.8,217.0,0,AIS_CLASS_A
477001009,V009,BACKGROUND VESSEL 9,2024-03-15T06:47:00Z,18.31105,65.29869,10.7,212.9,0,AIS_CLASS_A
477001009,V009,BACKGROUND VESSEL 9,2024-03-15T06:57:00Z,18.28545,65.28321,10.9,211.4,0,AIS_CLASS_A
477001009,V009,BACKGROUND VESSEL 9,2024-03-15T07:02:00Z,18.272,65.27506,11.0,210.2,0,AIS_CLASS_A
477001009,V009,BACKGROUND VESSEL 9,2024-03-15T07:13:00Z,18.2436,65.25659,10.7,211.1,0,AIS_CLASS_A
477001009,V009,BACKGROUND VESSEL 9,2024-03-15T07:23:00Z,18.21859,65.23995,10.7,212.5,0,AIS_CLASS_A
477001009,V009,BACKGROUND VESSEL 9,2024-03-15T07:28:00Z,18.20749,65.23332,10.6,214.9,0,AIS_CLASS_A
477001009,V009,BACKGROUND VESSEL 9,2024-03-15T07:38:00Z,18.18408,65.21597,10.7,216.4,0,AIS_CLASS_A
477001009,V009,BACKGROUND VESSEL 9,2024-03-15T07:46:00Z,18.16538,65.19993,10.6,218.6,0,AIS_CLASS_A
477001009,V009,BACKGROUND VESSEL 9,2024-03-15T07:53:00Z,18.15013,65.18701,10.9,219.2,0,AIS_CLASS_A
477001009,V009,BACKGROUND VESSEL 9,2024-03-15T08:01:00Z,18.13093,65.16866,10.6,220.8,0,AIS_CLASS_A
477001009,V009,BACKGROUND VESSEL 9,2024-03-15T08:09:00Z,18.1115,65.15163,10.6,220.8,0,AIS_CLASS_A
477001009,V009,BACKGROUND VESSEL 9,2024-03-15T08:17:00Z,18.0944,65.13495,10.5,220.5,0,AIS_CLASS_A
477001009,V009,BACKGROUND VESSEL 9,2024-03-15T08:23:00Z,18.081,65.1219,10.6,222.8,0,AIS_CLASS_A
477001009,V009,BACKGROUND VESSEL 9,2024-03-15T08:33:00Z,18.05954,65.10024,10.2,225.2,0,AIS_CLASS_A
477001009,V009,BACKGROUND VESSEL 9,2024-03-15T08:40:00Z,18.04577,65.08496,10.4,227.6,0,AIS_CLASS_A
477001009,V009,BACKGROUND VESSEL 9,2024-03-15T08:51:00Z,18.02381,65.06004,10.5,229.2,0,AIS_CLASS_A
477001009,V009,BACKGROUND VESSEL 9,2024-03-15T08:57:00Z,18.01122,65.04593,10.4,229.7,0,AIS_CLASS_A
477001009,V009,BACKGROUND VESSEL 9,2024-03-15T09:02:00Z,18.00183,65.03348,10.4,231.0,0,AIS_CLASS_A
477001009,V009,BACKGROUND VESSEL 9,2024-03-15T09:13:00Z,17.9827,65.0081,10.6,230.6,0,AIS_CLASS_A
477001009,V009,BACKGROUND VESSEL 9,2024-03-15T09:23:00Z,17.96189,64.98527,10.4,231.5,0,AIS_CLASS_A
477001009,V009,BACKGROUND VESSEL 9,2024-03-15T09:34:00Z,17.94155,64.95867,10.6,230.7,0,AIS_CLASS_A
477001009,V009,BACKGROUND VESSEL 9,2024-03-15T09:42:00Z,17.92647,64.93975,10.6,228.4,0,AIS_CLASS_A
477001009,V009,BACKGROUND VESSEL 9,2024-03-15T09:48:00Z,17.91425,64.92368,10.6,228.1,0,AIS_CLASS_A
477001009,V009,BACKGROUND VESSEL 9,2024-03-15T09:55:00Z,17.89927,64.90619,10.4,229.8,0,AIS_CLASS_A
477001009,V009,BACKGROUND VESSEL 9,2024-03-15T10:02:00Z,17.88677,64.88995,10.3,232.1,0,AIS_CLASS_A
477001009,V009,BACKGROUND VESSEL 9,2024-03-15T10:07:00Z,17.87815,64.87826,10.2,232.3,0,AIS_CLASS_A
477001009,V009,BACKGROUND VESSEL 9,2024-03-15T10:15:00Z,17.86519,64.85892,10.3,234.4,0,AIS_CLASS_A
477001009,V009,BACKGROUND VESSEL 9,2024-03-15T10:21:00Z,17.85626,64.84502,10.3,232.6,0,AIS_CLASS_A
477001009,V009,BACKGROUND VESSEL 9,2024-03-15T10:31:00Z,17.83801,64.82246,10.5,232.9,0,AIS_CLASS_A
477001009,V009,BACKGROUND VESSEL 9,2024-03-15T10:42:00Z,17.81741,64.79564,10.5,230.2,0,AIS_CLASS_A
477001009,V009,BACKGROUND VESSEL 9,2024-03-15T10:53:00Z,17.79767,64.7709,10.7,230.8,0,AIS_CLASS_A
477001009,V009,BACKGROUND VESSEL 9,2024-03-15T11:04:00Z,17.77742,64.74739,10.4,229.6,0,AIS_CLASS_A
477001009,V009,BACKGROUND VESSEL 9,2024-03-15T11:12:00Z,17.76465,64.73044,10.5,231.3,0,AIS_CLASS_A
477001009,V009,BACKGROUND VESSEL 9,2024-03-15T11:17:00Z,17.75497,64.71821,10.7,231.9,0,AIS_CLASS_A
477001009,V009,BACKGROUND VESSEL 9,2024-03-15T11:25:00Z,17.741,64.69901,10.4,230.2,0,AIS_CLASS_A
477001009,V009,BACKGROUND VESSEL 9,2024-03-15T11:36:00Z,17.72126,64.67417,10.7,228.1,0,AIS_CLASS_A
477001009,V009,BACKGROUND VESSEL 9,2024-03-15T11:42:00Z,17.71077,64.66293,10.6,226.7,0,AIS_CLASS_A
477001009,V009,BACKGROUND VESSEL 9,2024-03-15T11:50:00Z,17.6958,64.6445,10.4,228.8,0,AIS_CLASS_A
477001009,V009,BACKGROUND VESSEL 9,2024-03-15T11:55:00Z,17.68581,64.63352,10.5,227.7,0,AIS_CLASS_A
477001010,V010,BACKGROUND VESSEL 10,2024-03-15T00:00:00Z,18.1669,67.4423,13.6,183.3,0,AIS_CLASS_A
477001010,V010,BACKGROUND VESSEL 10,2024-03-15T00:07:00Z,18.14015,67.4394,13.6,185.2,0,AIS_CLASS_A
477001010,V010,BACKGROUND VESSEL 10,2024-03-15T00:16:00Z,18.10771,67.43648,13.3,185.3,0,AIS_CLASS_A
477001010,V010,BACKGROUND VESSEL 10,2024-03-15T00:23:00Z,18.0829,67.43388,13.1,185.9,0,AIS_CLASS_A
477001010,V010,BACKGROUND VESSEL 10,2024-03-15T00:29:00Z,18.0602,67.43234,13.3,186.2,0,AIS_CLASS_A
477001010,V010,BACKGROUND VESSEL 10,2024-03-15T00:34:00Z,18.04206,67.43031,13.4,186.9,0,AIS_CLASS_A
477001010,V010,BACKGROUND VESSEL 10,2024-03-15T00:42:00Z,18.01372,67.42668,13.0,187.9,0,AIS_CLASS_A
477001010,V010,BACKGROUND VESSEL 10,2024-03-15T00:51:00Z,17.98155,67.42194,13.0,187.0,0,AIS_CLASS_A
477001010,V010,BACKGROUND VESSEL 10,2024-03-15T00:59:00Z,17.95253,67.41706,13.2,188.1,0,AIS_CLASS_A
477001010,V010,BACKGROUND VESSEL 10,2024-03-15T01:05:00Z,17.93115,67.41304,13.3,187.9,0,AIS_CLASS_A
477001010,V010,BACKGROUND VESSEL 10,2024-03-15T01:10:00Z,17.91444,67.41251,13.6,185.3,0,AIS_CLASS_A
477001010,V010,BACKGROUND VESSEL 10,2024-03-15T01:21:00Z,17.87407,67.40901,13.8,185.4,0,AIS_CLASS_A
477001010,V010,BACKGROUND VESSEL 10,2024-03-15T01:28:00Z,17.8466,67.40584,13.5,185.0,0,AIS_CLASS_A
477001010,V010,BACKGROUND VESSEL 10,2024-03-15T01:37:00Z,17.81375,67.40051,13.6,186.2,0,AIS_CLASS_A
477001010,V010,BACKGROUND VESSEL 10,2024-03-15T01:45:00Z,17.78279,67.39737,13.6,188.5,0,AIS_CLASS_A
477001010,V010,BACKGROUND VESSEL 10,2024-03-15T01:55:00Z,17.74504,67.39227,13.6,189.9,0,AIS_CLASS_A
477001010,V010,BACKGROUND VESSEL 10,2024-03-15T02:06:00Z,17.70552,67.38416,13.7,193.0,0,AIS_CLASS_A
477001010,V010,BACKGROUND VESSEL 10,2024-03-15T02:15:00Z,17.67287,67.37625,13.3,194.4,0,AIS_CLASS_A
477001010,V010,BACKGROUND VESSEL 10,2024-03-15T02:22:00Z,17.64802,67.36933,13.5,194.4,0,AIS_CLASS_A
477001010,V010,BACKGROUND VESSEL 10,2024-03-15T02:33:00Z,17.60838,67.3604,13.9,195.5,0,AIS_CLASS_A
477001010,V010,BACKGROUND VESSEL 10,2024-03-15T02:40:00Z,17.58412,67.35411,13.8,193.5,0,AIS_CLASS_A
477001010,V010,BACKGROUND VESSEL 10,2024-03-15T02:51:00Z,17.54289,67.34247,13.8,194.8,0,AIS_CLASS_A
477001010,V010,BACKGROUND VESSEL 10,2024-03-15T02:57:00Z,17.51957,67.33665,14.2,195.7,0,AIS_CLASS_A
477001010,V010,BACKGROUND VESSEL 10,2024-03-15T03:05:00Z,17.48771,67.32839,14.3,198.6,0,AIS_CLASS_A
477001010,V010,BACKGROUND VESSEL 10,2024-03-15T03:15:00Z,17.45085,67.31439,14.4,198.6,0,AIS_CLASS_A
477001010,V010,BACKGROUND VESSEL 10,2024-03-15T03:23:00Z,17.42021,67.30411,14.2,198.0,0,AIS_CLASS_A
477001010,V010,BACKGROUND VESSEL 10,2024-03-15T03:30:00Z,17.39385,67.29692,14.1,199.0,0,AIS_CLASS_A
477001010,V010,BACKGROUND VESSEL 10,2024-03-15T03:37:00Z,17.36671,67.28789,14.0,199.2,0,AIS_CLASS_A
477001010,V010,BACKGROUND VESSEL 10,2024-03-15T03:48:00Z,17.32614,67.27164,14.2,200.0,0,AIS_CLASS_A
477001010,V010,BACKGROUND VESSEL 10,2024-03-15T03:54:00Z,17.30347,67.26367,14.3,198.0,0,AIS_CLASS_A
477001010,V010,BACKGROUND VESSEL 10,2024-03-15T04:03:00Z,17.27021,67.25243,14.2,198.2,0,AIS_CLASS_A
477001010,V010,BACKGROUND VESSEL 10,2024-03-15T04:12:00Z,17.238,67.23991,14.1,200.8,0,AIS_CLASS_A
477001010,V010,BACKGROUND VESSEL 10,2024-03-15T04:21:00Z,17.20354,67.22711,14.2,202.5,0,AIS_CLASS_A
477001010,V010,BACKGROUND VESSEL 10,2024-03-15T04:29:00Z,17.17477,67.21546,14.1,201.9,0,AIS_CLASS_A
477001010,V010,BACKGROUND VESSEL 10,2024-03-15T04:34:00Z,17.15451,67.20832,14.5,202.3,0,AIS_CLASS_A
477001010,V010,BACKGROUND VESSEL 10,2024-03-15T04:39:00Z,17.13675,67.1998,14.5,202.6,0,AIS_CLASS_A
477001010,V010,BACKGROUND VESSEL 10,2024-03-15T04:50:00Z,17.09684,67.18037,14.5,202.0,0,AIS_CLASS_A
477001010,V010,BACKGROUND VESSEL 10,2024-03-15T04:57:00Z,17.07108,67.1694,14.4,204.6,0,AIS_CLASS_A
477001010,V010,BACKGROUND VESSEL 10,2024-03-15T05:03:00Z,17.04846,67.15942,14.3,206.5,0,AIS_CLASS_A
477001010,V010,BACKGROUND VESSEL 10,2024-03-15T05:08:00Z,17.03206,67.14818,14.1,206.0,0,AIS_CLASS_A
477001010,V010,BACKGROUND VESSEL 10,2024-03-15T05:16:00Z,17.00526,67.13404,14.2,207.6,0,AIS_CLASS_A
477001010,V010,BACKGROUND VESSEL 10,2024-03-15T05:24:00Z,16.97758,67.11892,14.4,206.6,0,AIS_CLASS_A
477001010,V010,BACKGROUND VESSEL 10,2024-03-15T05:30:00Z,16.95446,67.10639,14.2,206.5,0,AIS_CLASS_A
477001010,V010,BACKGROUND VESSEL 10,2024-03-15T05:39:00Z,16.92172,67.08954,14.3,205.7,0,AIS_CLASS_A
477001010,V010,BACKGROUND VESSEL 10,2024-03-15T05:47:00Z,16.89363,67.07397,14.0,205.7,0,AIS_CLASS_A
477001010,V010,BACKGROUND VESSEL 10,2024-03-15T05:55:00Z,16.86645,67.05919,14.0,205.4,0,AIS_CLASS_A
477001010,V010,BACKGROUND VESSEL 10,2024-03-15T06:03:00Z,16.83926,67.04419,14.0,205.8,0,AIS_CLASS_A
477001010,V010,BACKGROUND VESSEL 10,2024-03-15T06:08:00Z,16.82053,67.03525,14.1,207.1,0,AIS_CLASS_A
477001010,V010,BACKGROUND VESSEL 10,2024-03-15T06:14:00Z,16.79894,67.02422,14.0,205.1,0,AIS_CLASS_A
477001010,V010,BACKGROUND VESSEL 10,2024-03-15T06:22:00Z,16.77291,67.01012,14.2,206.3,0,AIS_CLASS_A
477001010,V010,BACKGROUND VESSEL 10,2024-03-15T06:30:00Z,16.74366,66.99568,14.2,204.8,0,AIS_CLASS_A
477001010,V010,BACKGROUND VESSEL 10,2024-03-15T06:40:00Z,16.7081,66.97763,14.2,204.8,0,AIS_CLASS_A
477001010,V010,BACKGROUND VESSEL 10,2024-03-15T06:46:00Z,16.68593,66.96618,14.0,204.8,0,AIS_CLASS_A
477001010,V010,BACKGROUND VESSEL 10,2024-03-15T06:52:00Z,16.66529,66.95629,13.8,206.6,0,AIS_CLASS_A
477001010,V010,BACKGROUND VESSEL 10,2024-03-15T07:00:00Z,16.63853,66.94203,13.8,206.8,0,AIS_CLASS_A
477001010,V010,BACKGROUND VESSEL 10,2024-03-15T07:08:00Z,16.61063,66.92699,13.7,204.7,0,AIS_CLASS_A
477001010,V010,BACKGROUND VESSEL 10,2024-03-15T07:19:00Z,16.57438,66.90736,13.8,203.6,0,AIS_CLASS_A
477001010,V010,BACKGROUND VESSEL 10,2024-03-15T07:24:00Z,16.55712,66.8993,14.2,202.8,0,AIS_CLASS_A
477001010,V010,BACKGROUND VESSEL 10,2024-03-15T07:29:00Z,16.53824,66.89256,14.2,203.0,0,AIS_CLASS_A
477001010,V010,BACKGROUND VESSEL 10,2024-03-15T07:37:00Z,16.50918,66.88046,14.6,203.0,0,AIS_CLASS_A
477001010,V010,BACKGROUND VESSEL 10,2024-03-15T07:43:00Z,16.48594,66.87034,15.0,202.0,0,AIS_CLASS_A
477001010,V010,BACKGROUND VESSEL 10,2024-03-15T07:54:00Z,16.44397,66.85319,14.8,203.8,0,AIS_CLASS_A
477001010,V010,BACKGROUND VESSEL 10,2024-03-15T08:03:00Z,16.40938,66.83724,14.6,204.6,0,AIS_CLASS_A
477001010,V010,BACKGROUND VESSEL 10,2024-03-15T08:10:00Z,16.38417,66.82696,14.9,205.8,0,AIS_CLASS_A
477001010,V010,BACKGROUND VESSEL 10,2024-03-15T08:17:00Z,16.35857,66.81478,14.9,202.3,0,AIS_CLASS_A
477001010,V010,BACKGROUND VESSEL 10,2024-03-15T08:25:00Z,16.32803,66.80137,15.2,202.2,0,AIS_CLASS_A
477001010,V010,BACKGROUND VESSEL 10,2024-03-15T08:34:00Z,16.29362,66.78512,15.3,200.6,0,AIS_CLASS_A
477001010,V010,BACKGROUND VESSEL 10,2024-03-15T08:44:00Z,16.25311,66.76947,15.1,200.6,0,AIS_CLASS_A
477001010,V010,BACKGROUND VESSEL 10,2024-03-15T08:49:00Z,16.2326,66.76029,14.7,203.3,0,AIS_CLASS_A
477001010,V010,BACKGROUND VESSEL 10,2024-03-15T08:55:00Z,16.2101,66.75075,14.7,204.1,0,AIS_CLASS_A
477001010,V010,BACKGROUND VESSEL 10,2024-03-15T09:03:00Z,16.17869,66.73569,14.8,204.4,0,AIS_CLASS_A
477001010,V010,BACKGROUND VESSEL 10,2024-03-15T09:12:00Z,16.14606,66.72007,15.1,205.0,0,AIS_CLASS_A
477001010,V010,BACKGROUND VESSEL 10,2024-03-15T09:21:00Z,16.11232,66.70323,14.7,200.9,0,AIS_CLASS_A
477001010,V010,BACKGROUND VESSEL 10,2024-03-15T09:30:00Z,16.07844,66.68783,14.6,201.4,0,AIS_CLASS_A
477001010,V010,BACKGROUND VESSEL 10,2024-03-15T09:37:00Z,16.05231,66.67691,14.5,202.3,0,AIS_CLASS_A
477001010,V010,BACKGROUND VESSEL 10,2024-03-15T09:43:00Z,16.03033,66.66781,14.5,200.9,0,AIS_CLASS_A
477001010,V010,BACKGROUND VESSEL 10,2024-03-15T09:49:00Z,16.00768,66.65768,14.5,199.9,0,AIS_CLASS_A
477001010,V010,BACKGROUND VESSEL 10,2024-03-15T09:57:00Z,15.9753,66.64658,14.3,201.9,0,AIS_CLASS_A
477001010,V010,BACKGROUND VESSEL 10,2024-03-15T10:05:00Z,15.94472,66.63552,14.3,203.7,0,AIS_CLASS_A
477001010,V010,BACKGROUND VESSEL 10,2024-03-15T10:12:00Z,15.91956,66.62308,14.3,204.6,0,AIS_CLASS_A
477001010,V010,BACKGROUND VESSEL 10,2024-03-15T10:23:00Z,15.88098,66.60213,14.5,205.3,0,AIS_CLASS_A
477001010,V010,BACKGROUND VESSEL 10,2024-03-15T10:28:00Z,15.86395,66.59343,14.2,204.9,0,AIS_CLASS_A
477001010,V010,BACKGROUND VESSEL 10,2024-03-15T10:37:00Z,15.82989,66.57791,14.3,205.3,0,AIS_CLASS_A
477001010,V010,BACKGROUND VESSEL 10,2024-03-15T10:45:00Z,15.80142,66.56461,14.2,206.8,0,AIS_CLASS_A
477001010,V010,BACKGROUND VESSEL 10,2024-03-15T10:55:00Z,15.76708,66.54502,14.2,208.4,0,AIS_CLASS_A
477001010,V010,BACKGROUND VESSEL 10,2024-03-15T11:06:00Z,15.72747,66.52369,14.0,209.6,0,AIS_CLASS_A
477001010,V010,BACKGROUND VESSEL 10,2024-03-15T11:16:00Z,15.69291,66.50255,13.8,210.0,0,AIS_CLASS_A
477001010,V010,BACKGROUND VESSEL 10,2024-03-15T11:24:00Z,15.6672,66.48725,13.5,209.5,0,AIS_CLASS_A
477001010,V010,BACKGROUND VESSEL 10,2024-03-15T11:34:00Z,15.63546,66.46773,13.4,209.1,0,AIS_CLASS_A
477001010,V010,BACKGROUND VESSEL 10,2024-03-15T11:42:00Z,15.60882,66.45256,13.3,210.6,0,AIS_CLASS_A
477001010,V010,BACKGROUND VESSEL 10,2024-03-15T11:49:00Z,15.58645,66.43808,13.1,211.4,0,AIS_CLASS_A
477001010,V010,BACKGROUND VESSEL 10,2024-03-15T11:59:00Z,15.55381,66.41749,13.0,212.8,0,AIS_CLASS_A
477001011,V011,BACKGROUND VESSEL 11,2024-03-15T00:00:00Z,18.77668,62.13227,9.4,68.4,0,AIS_CLASS_A
477001011,V011,BACKGROUND VESSEL 11,2024-03-15T00:10:00Z,18.78525,62.15619,9.7,68.5,0,AIS_CLASS_A
477001011,V011,BACKGROUND VESSEL 11,2024-03-15T00:19:00Z,18.79277,62.18052,9.6,68.8,0,AIS_CLASS_A
477001011,V011,BACKGROUND VESSEL 11,2024-03-15T00:30:00Z,18.80487,62.20839,9.6,65.8,0,AIS_CLASS_A
477001011,V011,BACKGROUND VESSEL 11,2024-03-15T00:39:00Z,18.81643,62.23071,9.6,64.6,0,AIS_CLASS_A
477001011,V011,BACKGROUND VESSEL 11,2024-03-15T00:49:00Z,18.82748,62.25786,9.4,66.6,0,AIS_CLASS_A
477001011,V011,BACKGROUND VESSEL 11,2024-03-15T00:59:00Z,18.83894,62.2828,9.4,65.5,0,AIS_CLASS_A
477001011,V011,BACKGROUND VESSEL 11,2024-03-15T01:06:00Z,18.84628,62.30065,9.6,62.4,0,AIS_CLASS_A
477001011,V011,BACKGROUND VESSEL 11,2024-03-15T01:13:00Z,18.85513,62.31721,9.7,61.7,0,AIS_CLASS_A
477001011,V011,BACKGROUND VESSEL 11,2024-03-15T01:23:00Z,18.86673,62.34116,9.7,61.2,0,AIS_CLASS_A
477001011,V011,BACKGROUND VESSEL 11,2024-03-15T01:28:00Z,18.87357,62.35304,9.5,64.1,0,AIS_CLASS_A
477001011,V011,BACKGROUND VESSEL 11,2024-03-15T01:34:00Z,18.88056,62.36904,9.3,62.9,0,AIS_CLASS_A
477001011,V011,BACKGROUND VESSEL 11,2024-03-15T01:43:00Z,18.88996,62.391,9.2,63.7,0,AIS_CLASS_A
477001011,V011,BACKGROUND VESSEL 11,2024-03-15T01:51:00Z,18.89994,62.40854,9.4,63.7,0,AIS_CLASS_A
477001011,V011,BACKGROUND VESSEL 11,2024-03-15T02:00:00Z,18.91052,62.42885,9.3,66.5,0,AIS_CLASS_A
477001011,V011,BACKGROUND VESSEL 11,2024-03-15T02:09:00Z,18.91946,62.45332,9.1,66.4,0,AIS_CLASS_A
477001011,V011,BACKGROUND VESSEL 11,2024-03-15T02:17:00Z,18.92897,62.47293,9.4,67.6,0,AIS_CLASS_A
477001011,V011,BACKGROUND VESSEL 11,2024-03-15T02:23:00Z,18.93463,62.48886,9.0,67.4,0,AIS_CLASS_A
477001011,V011,BACKGROUND VESSEL 11,2024-03-15T02:28:00Z,18.93922,62.50234,9.1,65.3,0,AIS_CLASS_A
477001011,V011,BACKGROUND VESSEL 11,2024-03-15T02:35:00Z,18.94509,62.51971,8.6,65.4,0,AIS_CLASS_A
477001011,V011,BACKGROUND VESSEL 11,2024-03-15T02:43:00Z,18.9533,62.53903,8.3,63.9,0,AIS_CLASS_A
477001011,V011,BACKGROUND VESSEL 11,2024-03-15T02:53:00Z,18.96439,62.56131,8.2,63.3,0,AIS_CLASS_A
477001011,V011,BACKGROUND VESSEL 11,2024-03-15T03:01:00Z,18.97313,62.58004,8.4,63.9,0,AIS_CLASS_A
477001011,V011,BACKGROUND VESSEL 11,2024-03-15T03:09:00Z,18.98051,62.59781,8.5,63.0,0,AIS_CLASS_A
477001011,V011,BACKGROUND VESSEL 11,2024-03-15T03:17:00Z,18.98895,62.61606,8.3,61.1,0,AIS_CLASS_A
477001011,V011,BACKGROUND VESSEL 11,2024-03-15T03:28:00Z,19.00098,62.64,8.3,61.4,0,AIS_CLASS_A
477001011,V011,BACKGROUND VESSEL 11,2024-03-15T03:36:00Z,19.00965,62.65689,8.2,62.0,0,AIS_CLASS_A
477001011,V011,BACKGROUND VESSEL 11,2024-03-15T03:47:00Z,19.02072,62.68163,8.1,62.4,0,AIS_CLASS_A
477001011,V011,BACKGROUND VESSEL 11,2024-03-15T03:52:00Z,19.02611,62.69082,8.4,59.9,0,AIS_CLASS_A
477001011,V011,BACKGROUND VESSEL 11,2024-03-15T04:01:00Z,19.03683,62.70944,8.2,60.1,0,AIS_CLASS_A
477001011,V011,BACKGROUND VESSEL 11,2024-03-15T04:10:00Z,19.04825,62.72821,8.1,58.7,0,AIS_CLASS_A
477001011,V011,BACKGROUND VESSEL 11,2024-03-15T04:19:00Z,19.05912,62.74478,8.2,60.9,0,AIS_CLASS_A
477001011,V011,BACKGROUND VESSEL 11,2024-03-15T04:24:00Z,19.06307,62.75475,8.1,61.5,0,AIS_CLASS_A
477001011,V011,BACKGROUND VESSEL 11,2024-03-15T04:30:00Z,19.06979,62.76777,7.9,59.6,0,AIS_CLASS_A
477001011,V011,BACKGROUND VESSEL 11,2024-03-15T04:39:00Z,19.07982,62.78745,8.0,59.1,0,AIS_CLASS_A
477001011,V011,BACKGROUND VESSEL 11,2024-03-15T04:47:00Z,19.08863,62.80244,8.2,57.8,0,AIS_CLASS_A
477001011,V011,BACKGROUND VESSEL 11,2024-03-15T04:58:00Z,19.10117,62.82395,7.8,60.4,0,AIS_CLASS_A
477001011,V011,BACKGROUND VESSEL 11,2024-03-15T05:04:00Z,19.10825,62.83524,8.0,59.0,0,AIS_CLASS_A
477001011,V011,BACKGROUND VESSEL 11,2024-03-15T05:10:00Z,19.1132,62.84733,7.8,60.8,0,AIS_CLASS_A
477001011,V011,BACKGROUND VESSEL 11,2024-03-15T05:20:00Z,19.12325,62.86709,8.1,62.0,0,AIS_CLASS_A
477001011,V011,BACKGROUND VESSEL 11,2024-03-15T05:30:00Z,19.13405,62.88717,7.8,61.2,0,AIS_CLASS_A
477001011,V011,BACKGROUND VESSEL 11,2024-03-15T05:37:00Z,19.14315,62.903,8.0,59.7,0,AIS_CLASS_A
477001011,V011,BACKGROUND VESSEL 11,2024-03-15T05:47:00Z,19.1535,62.92494,8.0,58.6,0,AIS_CLASS_A
477001011,V011,BACKGROUND VESSEL 11,2024-03-15T05:57:00Z,19.16547,62.94554,8.0,55.7,0,AIS_CLASS_A
477001011,V011,BACKGROUND VESSEL 11,2024-03-15T06:04:00Z,19.17376,62.95733,8.3,56.5,0,AIS_CLASS_A
477001011,V011,BACKGROUND VESSEL 11,2024-03-15T06:13:00Z,19.18345,62.97405,8.7,54.6,0,AIS_CLASS_A
477001011,V011,BACKGROUND VESSEL 11,2024-03-15T06:24:00Z,19.2002,62.99526,8.7,55.2,0,AIS_CLASS_A
477001011,V011,BACKGROUND VESSEL 11,2024-03-15T06:33:00Z,19.21247,63.01408,8.4,55.1,0,AIS_CLASS_A
477001011,V011,BACKGROUND VESSEL 11,2024-03-15T06:41:00Z,19.22493,63.02876,8.5,55.0,0,AIS_CLASS_A
477001011,V011,BACKGROUND VESSEL 11,2024-03-15T06:48:00Z,19.2346,63.04125,8.9,55.6,0,AIS_CLASS_A
477001011,V011,BACKGROUND VESSEL 11,2024-03-15T06:57:00Z,19.24666,63.06045,9.0,54.5,0,AIS_CLASS_A
477001011,V011,BACKGROUND VESSEL 11,2024-03-15T07:03:00Z,19.25516,63.07378,8.8,56.4,0,AIS_CLASS_A
477001011,V011,BACKGROUND VESSEL 11,2024-03-15T07:08:00Z,19.26243,63.0839,8.9,58.1,0,AIS_CLASS_A
477001011,V011,BACKGROUND VESSEL 11,2024-03-15T07:18:00Z,19.27403,63.10575,8.9,55.1,0,AIS_CLASS_A
477001011,V011,BACKGROUND VESSEL 11,2024-03-15T07:27:00Z,19.28536,63.12667,9.0,59.2,0,AIS_CLASS_A
477001011,V011,BACKGROUND VESSEL 11,2024-03-15T07:38:00Z,19.29897,63.15111,9.3,59.8,0,AIS_CLASS_A
477001011,V011,BACKGROUND VESSEL 11,2024-03-15T07:45:00Z,19.30636,63.16759,9.1,58.7,0,AIS_CLASS_A
477001011,V011,BACKGROUND VESSEL 11,2024-03-15T07:51:00Z,19.31447,63.18166,8.9,60.2,0,AIS_CLASS_A
477001011,V011,BACKGROUND VESSEL 11,2024-03-15T07:56:00Z,19.32222,63.19299,8.9,59.8,0,AIS_CLASS_A
477001011,V011,BACKGROUND VESSEL 11,2024-03-15T08:04:00Z,19.33239,63.21284,8.7,60.4,0,AIS_CLASS_A
477001011,V011,BACKGROUND VESSEL 11,2024-03-15T08:12:00Z,19.33963,63.23011,8.4,59.4,0,AIS_CLASS_A
477001011,V011,BACKGROUND VESSEL 11,2024-03-15T08:17:00Z,19.34657,63.24144,8.6,60.8,0,AIS_CLASS_A
477001011,V011,BACKGROUND VESSEL 11,2024-03-15T08:23:00Z,19.35535,63.2549,8.5,58.8,0,AIS_CLASS_A
477001011,V011,BACKGROUND VESSEL 11,2024-03-15T08:34:00Z,19.36788,63.27896,8.5,56.8,0,AIS_CLASS_A
477001011,V011,BACKGROUND VESSEL 11,2024-03-15T08:43:00Z,19.3792,63.29822,8.1,55.1,0,AIS_CLASS_A
477001011,V011,BACKGROUND VESSEL 11,2024-03-15T08:53:00Z,19.39177,63.31956,8.0,52.0,0,AIS_CLASS_A
477001011,V011,BACKGROUND VESSEL 11,2024-03-15T09:04:00Z,19.40742,63.34081,7.9,53.2,0,AIS_CLASS_A
477001011,V011,BACKGROUND VESSEL 11,2024-03-15T09:13:00Z,19.41897,63.3555,7.4,51.2,0,AIS_CLASS_A
477001011,V011,BACKGROUND VESSEL 11,2024-03-15T09:19:00Z,19.42801,63.36529,7.4,52.6,0,AIS_CLASS_A
477001011,V011,BACKGROUND VESSEL 11,2024-03-15T09:29:00Z,19.44126,63.38125,7.4,51.3,0,AIS_CLASS_A
477001011,V011,BACKGROUND VESSEL 11,2024-03-15T09:36:00Z,19.45064,63.39429,7.4,52.6,0,AIS_CLASS_A
477001011,V011,BACKGROUND VESSEL 11,2024-03-15T09:41:00Z,19.4575,63.40324,7.6,51.2,0,AIS_CLASS_A
477001011,V011,BACKGROUND VESSEL 11,2024-03-15T09:51:00Z,19.47089,63.41984,7.8,50.6,0,AIS_CLASS_A
477001011,V011,BACKGROUND VESSEL 11,2024-03-15T09:56:00Z,19.47781,63.42898,7.8,50.7,0,AIS_CLASS_A
477001011,V011,BACKGROUND VESSEL 11,2024-03-15T10:07:00Z,19.49456,63.4488,7.7,49.9,0,AIS_CLASS_A
477001011,V011,BACKGROUND VESSEL 11,2024-03-15T10:18:00Z,19.50899,63.46722,7.2,49.0,0,AIS_CLASS_A
477001011,V011,BACKGROUND VESSEL 11,2024-03-15T10:27:00Z,19.52131,63.48117,7.4,50.3,0,AIS_CLASS_A
477001011,V011,BACKGROUND VESSEL 11,2024-03-15T10:35:00Z,19.53118,63.49505,7.3,52.0,0,AIS_CLASS_A
477001011,V011,BACKGROUND VESSEL 11,2024-03-15T10:45:00Z,19.54336,63.51179,7.4,50.6,0,AIS_CLASS_A
477001011,V011,BACKGROUND VESSEL 11,2024-03-15T10:50:00Z,19.54996,63.52129,7.5,51.7,0,AIS_CLASS_A
477001011,V011,BACKGROUND VESSEL 11,2024-03-15T10:58:00Z,19.56108,63.53436,7.5,54.8,0,AIS_CLASS_A
477001011,V011,BACKGROUND VESSEL 11,2024-03-15T11:09:00Z,19.57417,63.5543,7.8,55.5,0,AIS_CLASS_A
477001011,V011,BACKGROUND VESSEL 11,2024-03-15T11:17:00Z,19.58596,63.56901,7.6,57.7,0,AIS_CLASS_A
477001011,V011,BACKGROUND VESSEL 11,2024-03-15T11:25:00Z,19.59477,63.58587,7.3,54.4,0,AIS_CLASS_A
477001011,V011,BACKGROUND VESSEL 11,2024-03-15T11:36:00Z,19.60872,63.60294,7.0,56.3,0,AIS_CLASS_A
477001011,V011,BACKGROUND VESSEL 11,2024-03-15T11:46:00Z,19.62065,63.62006,6.8,57.5,0,AIS_CLASS_A
477001011,V011,BACKGROUND VESSEL 11,2024-03-15T11:53:00Z,19.6279,63.63104,6.9,55.2,0,AIS_CLASS_A
477001011,V011,BACKGROUND VESSEL 11,2024-03-15T11:59:00Z,19.63451,63.64023,6.6,56.7,0,AIS_CLASS_A
477001012,V012,BACKGROUND VESSEL 12,2024-03-15T00:00:00Z,18.61581,65.36231,10.7,88.7,0,AIS_CLASS_A
477001012,V012,BACKGROUND VESSEL 12,2024-03-15T00:10:00Z,18.61636,65.39389,11.0,91.1,0,AIS_CLASS_A
477001012,V012,BACKGROUND VESSEL 12,2024-03-15T00:16:00Z,18.61688,65.41425,11.0,89.4,0,AIS_CLASS_A
477001012,V012,BACKGROUND VESSEL 12,2024-03-15T00:26:00Z,18.61976,65.44753,11.0,88.9,0,AIS_CLASS_A
477001012,V012,BACKGROUND VESSEL 12,2024-03-15T00:37:00Z,18.62289,65.48162,11.2,87.9,0,AIS_CLASS_A
477001012,V012,BACKGROUND VESSEL 12,2024-03-15T00:48:00Z,18.62362,65.51831,11.1,88.7,0,AIS_CLASS_A
477001012,V012,BACKGROUND VESSEL 12,2024-03-15T00:55:00Z,18.62303,65.54193,11.4,86.2,0,AIS_CLASS_A
477001012,V012,BACKGROUND VESSEL 12,2024-03-15T01:03:00Z,18.62335,65.5695,11.4,86.6,0,AIS_CLASS_A
477001012,V012,BACKGROUND VESSEL 12,2024-03-15T01:14:00Z,18.6241,65.60689,11.5,84.4,0,AIS_CLASS_A
477001012,V012,BACKGROUND VESSEL 12,2024-03-15T01:20:00Z,18.62751,65.62722,11.5,83.7,0,AIS_CLASS_A
477001012,V012,BACKGROUND VESSEL 12,2024-03-15T01:30:00Z,18.63021,65.66072,11.2,82.8,0,AIS_CLASS_A
477001012,V012,BACKGROUND VESSEL 12,2024-03-15T01:36:00Z,18.63266,65.67973,11.3,83.9,0,AIS_CLASS_A
477001012,V012,BACKGROUND VESSEL 12,2024-03-15T01:42:00Z,18.63364,65.69844,11.5,84.4,0,AIS_CLASS_A
477001012,V012,BACKGROUND VESSEL 12,2024-03-15T01:48:00Z,18.63605,65.71882,11.5,87.3,0,AIS_CLASS_A
477001012,V012,BACKGROUND VESSEL 12,2024-03-15T01:55:00Z,18.63623,65.74251,11.7,86.7,0,AIS_CLASS_A
477001012,V012,BACKGROUND VESSEL 12,2024-03-15T02:01:00Z,18.63686,65.76213,11.9,86.2,0,AIS_CLASS_A
477001012,V012,BACKGROUND VESSEL 12,2024-03-15T02:06:00Z,18.63654,65.77901,11.9,86.8,0,AIS_CLASS_A
477001012,V012,BACKGROUND VESSEL 12,2024-03-15T02:14:00Z,18.63931,65.80713,11.8,81.7,0,AIS_CLASS_A
477001012,V012,BACKGROUND VESSEL 12,2024-03-15T02:23:00Z,18.64617,65.83805,12.0,83.1,0,AIS_CLASS_A
477001012,V012,BACKGROUND VESSEL 12,2024-03-15T02:28:00Z,18.6465,65.8574,11.9,83.8,0,AIS_CLASS_A
477001012,V012,BACKGROUND VESSEL 12,2024-03-15T02:38:00Z,18.6513,65.89251,11.9,82.5,0,AIS_CLASS_A
477001012,V012,BACKGROUND VESSEL 12,2024-03-15T02:46:00Z,18.65357,65.91936,11.8,81.9,0,AIS_CLASS_A
477001012,V012,BACKGROUND VESSEL 12,2024-03-15T02:52:00Z,18.65734,65.939,12.1,84.0,0,AIS_CLASS_A
477001012,V012,BACKGROUND VESSEL 12,2024-03-15T03:03:00Z,18.66027,65.9793,11.8,85.6,0,AIS_CLASS_A
477001012,V012,BACKGROUND VESSEL 12,2024-03-15T03:12:00Z,18.66271,66.00975,12.0,86.8,0,AIS_CLASS_A
477001012,V012,BACKGROUND VESSEL 12,2024-03-15T03:17:00Z,18.66342,66.02861,12.2,88.4,0,AIS_CLASS_A
477001012,V012,BACKGROUND VESSEL 12,2024-03-15T03:28:00Z,18.66568,66.06777,12.1,88.3,0,AIS_CLASS_A
477001012,V012,BACKGROUND VESSEL 12,2024-03-15T03:37:00Z,18.66597,66.10073,11.9,88.2,0,AIS_CLASS_A
477001012,V012,BACKGROUND VESSEL 12,2024-03-15T03:46:00Z,18.6656,66.13215,12.1,89.3,0,AIS_CLASS_A
477001012,V012,BACKGROUND VESSEL 12,2024-03-15T03:52:00Z,18.66729,66.15318,11.8,88.4,0,AIS_CLASS_A
477001012,V012,BACKGROUND VESSEL 12,2024-03-15T03:58:00Z,18.6665,66.17187,11.9,88.8,0,AIS_CLASS_A
477001012,V012,BACKGROUND VESSEL 12,2024-03-15T04:05:00Z,18.66568,66.19694,11.7,89.4,0,AIS_CLASS_A
477001012,V012,BACKGROUND VESSEL 12,2024-03-15T04:10:00Z,18.66624,66.21438,11.4,90.3,0,AIS_CLASS_A
477001012,V012,BACKGROUND VESSEL 12,2024-03-15T04:18:00Z,18.666,66.24072,11.3,90.8,0,AIS_CLASS_A
477001012,V012,BACKGROUND VESSEL 12,2024-03-15T04:24:00Z,18.66803,66.261,11.4,91.0,0,AIS_CLASS_A
477001012,V012,BACKGROUND VESSEL 12,2024-03-15T04:34:00Z,18.66711,66.29456,11.5,91.4,0,AIS_CLASS_A
477001012,V012,BACKGROUND VESSEL 12,2024-03-15T04:39:00Z,18.66652,66.31126,11.5,90.1,0,AIS_CLASS_A
477001012,V012,BACKGROUND VESSEL 12,2024-03-15T04:46:00Z,18.66657,66.33534,11.5,89.9,0,AIS_CLASS_A
477001012,V012,BACKGROUND VESSEL 12,2024-03-15T04:55:00Z,18.66807,66.36651,11.7,89.1,0,AIS_CLASS_A
477001012,V012,BACKGROUND VESSEL 12,2024-03-15T05:05:00Z,18.67025,66.40212,11.7,90.0,0,AIS_CLASS_A
477001012,V012,BACKGROUND VESSEL 12,2024-03-15T05:16:00Z,18.66826,66.44082,11.5,87.3,0,AIS_CLASS_A
477001012,V012,BACKGROUND VESSEL 12,2024-03-15T05:21:00Z,18.66974,66.45865,11.5,86.0,0,AIS_CLASS_A
477001012,V012,BACKGROUND VESSEL 12,2024-03-15T05:30:00Z,18.67271,66.48753,11.7,84.8,0,AIS_CLASS_A
477001012,V012,BACKGROUND VESSEL 12,2024-03-15T05:36:00Z,18.67435,66.50889,11.5,83.8,0,AIS_CLASS_A
477001012,V012,BACKGROUND VESSEL 12,2024-03-15T05:42:00Z,18.67751,66.53048,11.5,82.2,0,AIS_CLASS_A
477001012,V012,BACKGROUND VESSEL 12,2024-03-15T05:53:00Z,18.68183,66.56759,11.5,84.0,0,AIS_CLASS_A
477001012,V012,BACKGROUND VESSEL 12,2024-03-15T06:00:00Z,18.6829,66.58973,11.6,83.1,0,AIS_CLASS_A
477001012,V012,BACKGROUND VESSEL 12,2024-03-15T06:05:00Z,18.68418,66.60638,11.4,84.8,0,AIS_CLASS_A
477001012,V012,BACKGROUND VESSEL 12,2024-03-15T06:13:00Z,18.68713,66.63463,11.5,86.3,0,AIS_CLASS_A
477001012,V012,BACKGROUND VESSEL 12,2024-03-15T06:23:00Z,18.69112,66.66823,11.6,84.2,0,AIS_CLASS_A
477001012,V012,BACKGROUND VESSEL 12,2024-03-15T06:34:00Z,18.6952,66.70592,11.2,81.2,0,AIS_CLASS_A
477001012,V012,BACKGROUND VESSEL 12,2024-03-15T06:42:00Z,18.70093,66.73204,11.4,80.5,0,AIS_CLASS_A
477001012,V012,BACKGROUND VESSEL 12,2024-03-15T06:47:00Z,18.70253,66.74878,11.3,80.8,0,AIS_CLASS_A
477001012,V012,BACKGROUND VESSEL 12,2024-03-15T06:52:00Z,18.7037,66.76328,11.4,82.2,0,AIS_CLASS_A
477001012,V012,BACKGROUND VESSEL 12,2024-03-15T07:02:00Z,18.7086,66.79701,11.4,82.0,0,AIS_CLASS_A
477001012,V012,BACKGROUND VESSEL 12,2024-03-15T07:11:00Z,18.71198,66.82633,11.2,83.8,0,AIS_CLASS_A
477001012,V012,BACKGROUND VESSEL 12,2024-03-15T07:17:00Z,18.71362,66.84699,11.1,83.3,0,AIS_CLASS_A
477001012,V012,BACKGROUND VESSEL 12,2024-03-15T07:23:00Z,18.71545,66.86536,11.2,81.8,0,AIS_CLASS_A
477001012,V012,BACKGROUND VESSEL 12,2024-03-15T07:30:00Z,18.72004,66.88764,10.7,80.9,0,AIS_CLASS_A
477001012,V012,BACKGROUND VESSEL 12,2024-03-15T07:37:00Z,18.72219,66.90863,11.1,80.1,0,AIS_CLASS_A
477001012,V012,BACKGROUND VESSEL 12,2024-03-15T07:46:00Z,18.72678,66.93731,10.9,81.1,0,AIS_CLASS_A
477001012,V012,BACKGROUND VESSEL 12,2024-03-15T07:51:00Z,18.72744,66.95272,10.9,81.4,0,AIS_CLASS_A
477001012,V012,BACKGROUND VESSEL 12,2024-03-15T07:58:00Z,18.73123,66.97359,11.3,79.8,0,AIS_CLASS_A
477001012,V012,BACKGROUND VESSEL 12,2024-03-15T08:09:00Z,18.73898,67.01079,11.0,80.9,0,AIS_CLASS_A
477001012,V012,BACKGROUND VESSEL 12,2024-03-15T08:16:00Z,18.74222,67.03255,11.3,81.2,0,AIS_CLASS_A
477001012,V012,BACKGROUND VESSEL 12,2024-03-15T08:21:00Z,18.74496,67.05005,11.2,79.9,0,AIS_CLASS_A
477001012,V012,BACKGROUND VESSEL 12,2024-03-15T08:27:00Z,18.74845,67.06999,10.8,77.6,0,AIS_CLASS_A
477001012,V012,BACKGROUND VESSEL 12,2024-03-15T08:36:00Z,18.75386,67.10053,10.6,78.2,0,AIS_CLASS_A
477001012,V012,BACKGROUND VESSEL 12,2024-03-15T08:44:00Z,18.7568,67.12614,10.1,79.3,0,AIS_CLASS_A
477001012,V012,BACKGROUND VESSEL 12,2024-03-15T08:51:00Z,18.76265,67.14645,9.9,81.3,0,AIS_CLASS_A
477001012,V012,BACKGROUND VESSEL 12,2024-03-15T08:56:00Z,18.7642,67.1603,10.0,78.4,0,AIS_CLASS_A
477001012,V012,BACKGROUND VESSEL 12,2024-03-15T09:07:00Z,18.77006,67.19152,9.9,78.2,0,AIS_CLASS_A
477001012,V012,BACKGROUND VESSEL 12,2024-03-15T09:12:00Z,18.77412,67.20593,10.0,77.3,0,AIS_CLASS_A
477001012,V012,BACKGROUND VESSEL 12,2024-03-15T09:18:00Z,18.77691,67.2235,10.1,78.4,0,AIS_CLASS_A
477001012,V012,BACKGROUND VESSEL 12,2024-03-15T09:26:00Z,18.78192,67.24697,10.2,78.9,0,AIS_CLASS_A
477001012,V012,BACKGROUND VESSEL 12,2024-03-15T09:33:00Z,18.78586,67.26425,10.0,79.0,0,AIS_CLASS_A
477001012,V012,BACKGROUND VESSEL 12,2024-03-15T09:40:00Z,18.78981,67.28514,9.7,79.9,0,AIS_CLASS_A
477001012,V012,BACKGROUND VESSEL 12,2024-03-15T09:51:00Z,18.79484,67.31584,9.7,79.3,0,AIS_CLASS_A
477001012,V012,BACKGROUND VESSEL 12,2024-03-15T10:02:00Z,18.79996,67.34579,9.6,80.6,0,AIS_CLASS_A
477001012,V012,BACKGROUND VESSEL 12,2024-03-15T10:11:00Z,18.80173,67.37095,9.5,81.4,0,AIS_CLASS_A
477001012,V012,BACKGROUND VESSEL 12,2024-03-15T10:22:00Z,18.80691,67.39911,9.6,84.0,0,AIS_CLASS_A
477001012,V012,BACKGROUND VESSEL 12,2024-03-15T10:29:00Z,18.80886,67.41859,9.4,85.9,0,AIS_CLASS_A
477001012,V012,BACKGROUND VESSEL 12,2024-03-15T10:38:00Z,18.80916,67.44347,9.4,88.3,0,AIS_CLASS_A
477001012,V012,BACKGROUND VESSEL 12,2024-03-15T10:43:00Z,18.80779,67.45866,9.4,88.9,0,AIS_CLASS_A
477001012,V012,BACKGROUND VESSEL 12,2024-03-15T10:52:00Z,18.80706,67.48388,9.7,89.9,0,AIS_CLASS_A
477001012,V012,BACKGROUND VESSEL 12,2024-03-15T10:58:00Z,18.80759,67.50184,9.5,89.7,0,AIS_CLASS_A
477001012,V012,BACKGROUND VESSEL 12,2024-03-15T11:08:00Z,18.80892,67.53238,9.4,89.5,0,AIS_CLASS_A
477001012,V012,BACKGROUND VESSEL 12,2024-03-15T11:16:00Z,18.80752,67.55583,9.4,88.5,0,AIS_CLASS_A
477001012,V012,BACKGROUND VESSEL 12,2024-03-15T11:21:00Z,18.80723,67.56925,9.2,88.2,0,AIS_CLASS_A
477001012,V012,BACKGROUND VESSEL 12,2024-03-15T11:31:00Z,18.8074,67.59502,9.2,89.2,0,AIS_CLASS_A
477001012,V012,BACKGROUND VESSEL 12,2024-03-15T11:41:00Z,18.808,67.62054,9.3,87.0,0,AIS_CLASS_A
477001012,V012,BACKGROUND VESSEL 12,2024-03-15T11:49:00Z,18.80703,67.64324,9.1,86.0,0,AIS_CLASS_A
477001012,V012,BACKGROUND VESSEL 12,2024-03-15T11:58:00Z,18.81111,67.6672,9.0,86.2,0,AIS_CLASS_A
477001013,V013,BACKGROUND VESSEL 13,2024-03-15T00:00:00Z,16.12608,68.89108,11.3,110.4,0,AIS_CLASS_A
477001013,V013,BACKGROUND VESSEL 13,2024-03-15T00:07:00Z,16.11817,68.91331,11.3,110.7,0,AIS_CLASS_A
477001013,V013,BACKGROUND VESSEL 13,2024-03-15T00:14:00Z,16.11018,68.93307,11.3,111.3,0,AIS_CLASS_A
477001013,V013,BACKGROUND VESSEL 13,2024-03-15T00:24:00Z,16.09895,68.96134,11.6,111.9,0,AIS_CLASS_A
477001013,V013,BACKGROUND VESSEL 13,2024-03-15T00:33:00Z,16.08858,68.9867,11.6,111.8,0,AIS_CLASS_A
477001013,V013,BACKGROUND VESSEL 13,2024-03-15T00:40:00Z,16.07964,69.00865,11.4,112.4,0,AIS_CLASS_A
477001013,V013,BACKGROUND VESSEL 13,2024-03-15T00:48:00Z,16.07076,69.0325,11.4,110.6,0,AIS_CLASS_A
477001013,V013,BACKGROUND VESSEL 13,2024-03-15T00:54:00Z,16.06374,69.05218,11.4,114.0,0,AIS_CLASS_A
477001013,V013,BACKGROUND VESSEL 13,2024-03-15T00:59:00Z,16.05819,69.06784,11.4,114.8,0,AIS_CLASS_A
477001013,V013,BACKGROUND VESSEL 13,2024-03-15T01:08:00Z,16.04503,69.09512,11.4,112.2,0,AIS_CLASS_A
477001013,V013,BACKGROUND VESSEL 13,2024-03-15T01:13:00Z,16.03957,69.10923,11.5,112.7,0,AIS_CLASS_A
477001013,V013,BACKGROUND VESSEL 13,2024-03-15T01:23:00Z,16.02803,69.13836,11.4,110.7,0,AIS_CLASS_A
477001013,V013,BACKGROUND VESSEL 13,2024-03-15T01:29:00Z,16.02052,69.1576,11.0,110.4,0,AIS_CLASS_A
477001013,V013,BACKGROUND VESSEL 13,2024-03-15T01:35:00Z,16.01452,69.17587,11.1,112.3,0,AIS_CLASS_A
477001013,V013,BACKGROUND VESSEL 13,2024-03-15T01:40:00Z,16.00825,69.1896,11.0,110.4,0,AIS_CLASS_A
477001013,V013,BACKGROUND VESSEL 13,2024-03-15T01:50:00Z,15.99755,69.21929,11.0,112.0,0,AIS_CLASS_A
477001013,V013,BACKGROUND VESSEL 13,2024-03-15T01:55:00Z,15.99192,69.23441,10.7,111.7,0,AIS_CLASS_A
477001013,V013,BACKGROUND VESSEL 13,2024-03-15T02:04:00Z,15.98208,69.26052,10.5,112.9,0,AIS_CLASS_A
477001013,V013,BACKGROUND VESSEL 13,2024-03-15T02:12:00Z,15.97216,69.28282,10.6,114.2,0,AIS_CLASS_A
477001013,V013,BACKGROUND VESSEL 13,2024-03-15T02:21:00Z,15.96109,69.30817,10.5,115.5,0,AIS_CLASS_A
477001013,V013,BACKGROUND VESSEL 13,2024-03-15T02:31:00Z,15.9483,69.33609,10.6,114.8,0,AIS_CLASS_A
477001013,V013,BACKGROUND VESSEL 13,2024-03-15T02:39:00Z,15.93849,69.35772,10.8,113.9,0,AIS_CLASS_A
477001013,V013,BACKGROUND VESSEL 13,2024-03-15T02:44:00Z,15.93244,69.37225,10.9,114.2,0,AIS_CLASS_A
477001013,V013,BACKGROUND VESSEL 13,2024-03-15T02:55:00Z,15.92034,69.40402,11.0,113.2,0,AIS_CLASS_A
477001013,V013,BACKGROUND VESSEL 13,2024-03-15T03:02:00Z,15.91277,69.42607,11.0,112.0,0,AIS_CLASS_A
477001013,V013,BACKGROUND VESSEL 13,2024-03-15T03:09:00Z,15.90416,69.44566,10.7,111.5,0,AIS_CLASS_A
477001013,V013,BACKGROUND VESSEL 13,2024-03-15T03:16:00Z,15.8955,69.46551,10.5,113.1,0,AIS_CLASS_A
477001013,V013,BACKGROUND VESSEL 13,2024-03-15T03:24:00Z,15.88502,69.4877,10.5,112.3,0,AIS_CLASS_A
477001013,V013,BACKGROUND VESSEL 13,2024-03-15T03:31:00Z,15.87841,69.50857,10.4,113.7,0,AIS_CLASS_A
477001013,V013,BACKGROUND VESSEL 13,2024-03-15T03:36:00Z,15.87342,69.5219,10.5,115.9,0,AIS_CLASS_A
477001013,V013,BACKGROUND VESSEL 13,2024-03-15T03:44:00Z,15.86169,69.54341,10.8,114.6,0,AIS_CLASS_A
477001013,V013,BACKGROUND VESSEL 13,2024-03-15T03:54:00Z,15.85134,69.57065,10.9,114.7,0,AIS_CLASS_A
477001013,V013,BACKGROUND VESSEL 13,2024-03-15T04:02:00Z,15.84213,69.59506,11.1,114.0,0,AIS_CLASS_A
477001013,V013,BACKGROUND VESSEL 13,2024-03-15T04:13:00Z,15.82882,69.62878,11.0,114.2,0,AIS_CLASS_A
477001013,V013,BACKGROUND VESSEL 13,2024-03-15T04:19:00Z,15.82112,69.64589,11.0,113.8,0,AIS_CLASS_A
477001013,V013,BACKGROUND VESSEL 13,2024-03-15T04:29:00Z,15.80838,69.67496,10.8,112.8,0,AIS_CLASS_A
477001013,V013,BACKGROUND VESSEL 13,2024-03-15T04:40:00Z,15.79552,69.70842,10.9,111.6,0,AIS_CLASS_A
477001013,V013,BACKGROUND VESSEL 13,2024-03-15T04:48:00Z,15.78513,69.73182,10.8,109.3,0,AIS_CLASS_A
477001013,V013,BACKGROUND VESSEL 13,2024-03-15T04:53:00Z,15.78041,69.74556,10.9,109.7,0,AIS_CLASS_A
477001013,V013,BACKGROUND VESSEL 13,2024-03-15T05:00:00Z,15.77356,69.76647,10.7,107.2,0,AIS_CLASS_A
477001013,V013,BACKGROUND VESSEL 13,2024-03-15T05:06:00Z,15.76788,69.78426,10.5,110.9,0,AIS_CLASS_A
477001013,V013,BACKGROUND VESSEL 13,2024-03-15T05:13:00Z,15.76032,69.80515,10.2,112.8,0,AIS_CLASS_A
477001013,V013,BACKGROUND VESSEL 13,2024-03-15T05:18:00Z,15.75645,69.81915,10.4,112.7,0,AIS_CLASS_A
477001013,V013,BACKGROUND VESSEL 13,2024-03-15T05:29:00Z,15.74465,69.84926,10.2,111.8,0,AIS_CLASS_A
477001013,V013,BACKGROUND VESSEL 13,2024-03-15T05:38:00Z,15.73608,69.87305,10.1,111.6,0,AIS_CLASS_A
477001013,V013,BACKGROUND VESSEL 13,2024-03-15T05:46:00Z,15.72489,69.8967,9.8,114.5,0,AIS_CLASS_A
477001013,V013,BACKGROUND VESSEL 13,2024-03-15T05:54:00Z,15.71677,69.91764,9.8,115.8,0,AIS_CLASS_A
477001013,V013,BACKGROUND VESSEL 13,2024-03-15T06:04:00Z,15.705,69.94309,9.7,116.4,0,AIS_CLASS_A
477001013,V013,BACKGROUND VESSEL 13,2024-03-15T06:11:00Z,15.69547,69.95889,9.7,115.0,0,AIS_CLASS_A
477001013,V013,BACKGROUND VESSEL 13,2024-03-15T06:21:00Z,15.68485,69.98437,9.8,114.9,0,AIS_CLASS_A
477001013,V013,BACKGROUND VESSEL 13,2024-03-15T06:30:00Z,15.67599,70.00572,9.8,116.2,0,AIS_CLASS_A
477001013,V013,BACKGROUND VESSEL 13,2024-03-15T06:40:00Z,15.66487,70.03107,9.7,119.4,0,AIS_CLASS_A
477001013,V013,BACKGROUND VESSEL 13,2024-03-15T06:49:00Z,15.65243,70.05163,9.9,121.7,0,AIS_CLASS_A
477001013,V013,BACKGROUND VESSEL 13,2024-03-15T06:55:00Z,15.64363,70.06465,9.8,121.4,0,AIS_CLASS_A
477001013,V013,BACKGROUND VESSEL 13,2024-03-15T07:03:00Z,15.63094,70.08338,9.7,123.3,0,AIS_CLASS_A
477001013,V013,BACKGROUND VESSEL 13,2024-03-15T07:12:00Z,15.61626,70.10379,9.7,123.2,0,AIS_CLASS_A
477001013,V013,BACKGROUND VESSEL 13,2024-03-15T07:21:00Z,15.60213,70.12308,10.0,123.6,0,AIS_CLASS_A
477001013,V013,BACKGROUND VESSEL 13,2024-03-15T07:28:00Z,15.58964,70.13956,9.9,123.1,0,AIS_CLASS_A
477001013,V013,BACKGROUND VESSEL 13,2024-03-15T07:37:00Z,15.57538,70.16017,10.2,121.9,0,AIS_CLASS_A
477001013,V013,BACKGROUND VESSEL 13,2024-03-15T07:47:00Z,15.55989,70.18431,10.0,125.4,0,AIS_CLASS_A
477001013,V013,BACKGROUND VESSEL 13,2024-03-15T07:58:00Z,15.54365,70.21213,10.0,127.3,0,AIS_CLASS_A
477001013,V013,BACKGROUND VESSEL 13,2024-03-15T08:05:00Z,15.53337,70.22644,10.3,127.1,0,AIS_CLASS_A
477001013,V013,BACKGROUND VESSEL 13,2024-03-15T08:11:00Z,15.52254,70.24049,10.1,126.8,0,AIS_CLASS_A
477001013,V013,BACKGROUND VESSEL 13,2024-03-15T08:19:00Z,15.50994,70.25861,9.9,126.2,0,AIS_CLASS_A
477001013,V013,BACKGROUND VESSEL 13,2024-03-15T08:24:00Z,15.50097,70.26991,9.9,125.6,0,AIS_CLASS_A
477001013,V013,BACKGROUND VESSEL 13,2024-03-15T08:32:00Z,15.48758,70.28905,9.9,122.1,0,AIS_CLASS_A
477001013,V013,BACKGROUND VESSEL 13,2024-03-15T08:39:00Z,15.4775,70.30492,10.1,118.5,0,AIS_CLASS_A
477001013,V013,BACKGROUND VESSEL 13,2024-03-15T08:48:00Z,15.46702,70.32829,10.2,117.6,0,AIS_CLASS_A
477001013,V013,BACKGROUND VESSEL 13,2024-03-15T08:56:00Z,15.45642,70.34978,10.2,117.0,0,AIS_CLASS_A
477001013,V013,BACKGROUND VESSEL 13,2024-03-15T09:05:00Z,15.44508,70.37233,10.0,116.1,0,AIS_CLASS_A
477001013,V013,BACKGROUND VESSEL 13,2024-03-15T09:14:00Z,15.43468,70.39663,9.9,115.8,0,AIS_CLASS_A
477001013,V013,BACKGROUND VESSEL 13,2024-03-15T09:22:00Z,15.42505,70.41756,10.0,115.6,0,AIS_CLASS_A
477001013,V013,BACKGROUND VESSEL 13,2024-03-15T09:30:00Z,15.41499,70.43714,10.3,116.2,0,AIS_CLASS_A
477001013,V013,BACKGROUND VESSEL 13,2024-03-15T09:41:00Z,15.40065,70.4667,10.1,116.4,0,AIS_CLASS_A
477001013,V013,BACKGROUND VESSEL 13,2024-03-15T09:46:00Z,15.39319,70.47833,9.9,117.6,0,AIS_CLASS_A
477001013,V013,BACKGROUND VESSEL 13,2024-03-15T09:56:00Z,15.38047,70.50424,9.9,118.1,0,AIS_CLASS_A
477001013,V013,BACKGROUND VESSEL 13,2024-03-15T10:01:00Z,15.37585,70.51681,9.9,118.3,0,AIS_CLASS_A
477001013,V013,BACKGROUND VESSEL 13,2024-03-15T10:09:00Z,15.3651,70.53512,9.8,116.4,0,AIS_CLASS_A
477001013,V013,BACKGROUND VESSEL 13,2024-03-15T10:14:00Z,15.35923,70.54764,9.9,114.5,0,AIS_CLASS_A
477001013,V013,BACKGROUND VESSEL 13,2024-03-15T10:20:00Z,15.35217,70.56164,10.1,112.6,0,AIS_CLASS_A
477001013,V013,BACKGROUND VESSEL 13,2024-03-15T10:27:00Z,15.34524,70.57994,9.9,112.3,0,AIS_CLASS_A
477001013,V013,BACKGROUND VESSEL 13,2024-03-15T10:32:00Z,15.33892,70.59341,10.1,111.7,0,AIS_CLASS_A
477001013,V013,BACKGROUND VESSEL 13,2024-03-15T10:37:00Z,15.33338,70.60738,10.0,111.6,0,AIS_CLASS_A
477001013,V013,BACKGROUND VESSEL 13,2024-03-15T10:43:00Z,15.32783,70.6232,10.1,113.8,0,AIS_CLASS_A
477001013,V013,BACKGROUND VESSEL 13,2024-03-15T10:54:00Z,15.31418,70.65267,10.1,114.8,0,AIS_CLASS_A
477001013,V013,BACKGROUND VESSEL 13,2024-03-15T11:01:00Z,15.30725,70.67158,10.1,116.5,0,AIS_CLASS_A
477001013,V013,BACKGROUND VESSEL 13,2024-03-15T11:08:00Z,15.29639,70.68913,10.4,113.4,0,AIS_CLASS_A
477001013,V013,BACKGROUND VESSEL 13,2024-03-15T11:18:00Z,15.28483,70.71558,10.0,111.6,0,AIS_CLASS_A
477001013,V013,BACKGROUND VESSEL 13,2024-03-15T11:23:00Z,15.27964,70.72892,10.1,112.0,0,AIS_CLASS_A
477001013,V013,BACKGROUND VESSEL 13,2024-03-15T11:32:00Z,15.27033,70.75306,10.2,112.3,0,AIS_CLASS_A
477001013,V013,BACKGROUND VESSEL 13,2024-03-15T11:43:00Z,15.25828,70.78389,10.0,113.0,0,AIS_CLASS_A
477001013,V013,BACKGROUND VESSEL 13,2024-03-15T11:50:00Z,15.2494,70.80433,10.4,110.8,0,AIS_CLASS_A
477001013,V013,BACKGROUND VESSEL 13,2024-03-15T11:56:00Z,15.24338,70.81961,10.3,111.4,0,AIS_CLASS_A
477001014,V014,BACKGROUND VESSEL 14,2024-03-15T00:00:00Z,16.10567,67.76428,13.9,258.4,0,AIS_CLASS_A
477001014,V014,BACKGROUND VESSEL 14,2024-03-15T00:06:00Z,16.10038,67.74078,14.2,259.2,0,AIS_CLASS_A
477001014,V014,BACKGROUND VESSEL 14,2024-03-15T00:12:00Z,16.09562,67.71665,14.1,261.0,0,AIS_CLASS_A
477001014,V014,BACKGROUND VESSEL 14,2024-03-15T00:21:00Z,16.0897,67.68147,14.3,260.4,0,AIS_CLASS_A
477001014,V014,BACKGROUND VESSEL 14,2024-03-15T00:31:00Z,16.08289,67.64071,14.7,257.3,0,AIS_CLASS_A
477001014,V014,BACKGROUND VESSEL 14,2024-03-15T00:42:00Z,16.07313,67.59521,15.0,256.7,0,AIS_CLASS_A
477001014,V014,BACKGROUND VESSEL 14,2024-03-15T00:51:00Z,16.06534,67.5575,14.8,256.6,0,AIS_CLASS_A
477001014,V014,BACKGROUND VESSEL 14,2024-03-15T00:56:00Z,16.06003,67.53802,14.8,260.0,0,AIS_CLASS_A
477001014,V014,BACKGROUND VESSEL 14,2024-03-15T01:07:00Z,16.05293,67.49252,14.7,259.8,0,AIS_CLASS_A
477001014,V014,BACKGROUND VESSEL 14,2024-03-15T01:17:00Z,16.0481,67.45102,14.6,260.5,0,AIS_CLASS_A
477001014,V014,BACKGROUND VESSEL 14,2024-03-15T01:28:00Z,16.04005,67.40414,14.6,260.6,0,AIS_CLASS_A
477001014,V014,BACKGROUND VESSEL 14,2024-03-15T01:38:00Z,16.03129,67.36281,14.4,259.2,0,AIS_CLASS_A
477001014,V014,BACKGROUND VESSEL 14,2024-03-15T01:43:00Z,16.02697,67.34212,14.5,259.5,0,AIS_CLASS_A
477001014,V014,BACKGROUND VESSEL 14,2024-03-15T01:53:00Z,16.01955,67.30135,14.1,260.4,0,AIS_CLASS_A
477001014,V014,BACKGROUND VESSEL 14,2024-03-15T02:03:00Z,16.01363,67.26172,14.1,261.1,0,AIS_CLASS_A
477001014,V014,BACKGROUND VESSEL 14,2024-03-15T02:11:00Z,16.00658,67.23037,14.0,261.0,0,AIS_CLASS_A
477001014,V014,BACKGROUND VESSEL 14,2024-03-15T02:16:00Z,16.00194,67.20979,14.0,260.9,0,AIS_CLASS_A
477001014,V014,BACKGROUND VESSEL 14,2024-03-15T02:26:00Z,15.99422,67.16952,14.1,261.6,0,AIS_CLASS_A
477001014,V014,BACKGROUND VESSEL 14,2024-03-15T02:35:00Z,15.98867,67.13265,14.4,261.6,0,AIS_CLASS_A
477001014,V014,BACKGROUND VESSEL 14,2024-03-15T02:41:00Z,15.98483,67.10812,14.0,261.1,0,AIS_CLASS_A
477001014,V014,BACKGROUND VESSEL 14,2024-03-15T02:52:00Z,15.97844,67.06484,14.0,261.6,0,AIS_CLASS_A
477001014,V014,BACKGROUND VESSEL 14,2024-03-15T03:01:00Z,15.9727,67.02902,13.9,261.0,0,AIS_CLASS_A
477001014,V014,BACKGROUND VESSEL 14,2024-03-15T03:08:00Z,15.96898,67.00009,14.0,259.0,0,AIS_CLASS_A
477001014,V014,BACKGROUND VESSEL 14,2024-03-15T03:17:00Z,15.96096,66.9645,14.0,258.7,0,AIS_CLASS_A
477001014,V014,BACKGROUND VESSEL 14,2024-03-15T03:28:00Z,15.95243,66.92184,14.0,257.1,0,AIS_CLASS_A
477001014,V014,BACKGROUND VESSEL 14,2024-03-15T03:33:00Z,15.94804,66.90123,14.0,257.8,0,AIS_CLASS_A
477001014,V014,BACKGROUND VESSEL 14,2024-03-15T03:41:00Z,15.94199,66.86951,14.2,257.9,0,AIS_CLASS_A
477001014,V014,BACKGROUND VESSEL 14,2024-03-15T03:47:00Z,15.93658,66.84585,13.9,257.8,0,AIS_CLASS_A
477001014,V014,BACKGROUND VESSEL 14,2024-03-15T03:54:00Z,15.93218,66.81817,14.0,256.6,0,AIS_CLASS_A
477001014,V014,BACKGROUND VESSEL 14,2024-03-15T04:00:00Z,15.92543,66.79472,13.7,256.5,0,AIS_CLASS_A
477001014,V014,BACKGROUND VESSEL 14,2024-03-15T04:08:00Z,15.91934,66.76362,13.6,255.3,0,AIS_CLASS_A
477001014,V014,BACKGROUND VESSEL 14,2024-03-15T04:16:00Z,15.91272,66.732,13.7,257.5,0,AIS_CLASS_A
477001014,V014,BACKGROUND VESSEL 14,2024-03-15T04:27:00Z,15.90557,66.6893,13.4,257.8,0,AIS_CLASS_A
477001014,V014,BACKGROUND VESSEL 14,2024-03-15T04:37:00Z,15.89832,66.65145,13.2,260.4,0,AIS_CLASS_A
477001014,V014,BACKGROUND VESSEL 14,2024-03-15T04:43:00Z,15.89428,66.62859,13.4,257.5,0,AIS_CLASS_A
477001014,V014,BACKGROUND VESSEL 14,2024-03-15T04:50:00Z,15.89056,66.60173,13.6,258.5,0,AIS_CLASS_A
477001014,V014,BACKGROUND VESSEL 14,2024-03-15T04:58:00Z,15.8852,66.57179,13.5,258.3,0,AIS_CLASS_A
477001014,V014,BACKGROUND VESSEL 14,2024-03-15T05:05:00Z,15.8803,66.54557,13.4,257.1,0,AIS_CLASS_A
477001014,V014,BACKGROUND VESSEL 14,2024-03-15T05:11:00Z,15.87408,66.52253,13.3,255.6,0,AIS_CLASS_A
477001014,V014,BACKGROUND VESSEL 14,2024-03-15T05:19:00Z,15.86616,66.49207,13.0,257.5,0,AIS_CLASS_A
477001014,V014,BACKGROUND VESSEL 14,2024-03-15T05:27:00Z,15.85894,66.46151,12.6,257.7,0,AIS_CLASS_A
477001014,V014,BACKGROUND VESSEL 14,2024-03-15T05:38:00Z,15.84936,66.42264,12.7,256.9,0,AIS_CLASS_A
477001014,V014,BACKGROUND VESSEL 14,2024-03-15T05:44:00Z,15.84321,66.39958,12.9,257.2,0,AIS_CLASS_A
477001014,V014,BACKGROUND VESSEL 14,2024-03-15T05:50:00Z,15.83875,66.37845,12.5,257.9,0,AIS_CLASS_A
477001014,V014,BACKGROUND VESSEL 14,2024-03-15T06:00:00Z,15.83034,66.34351,12.4,255.3,0,AIS_CLASS_A
477001014,V014,BACKGROUND VESSEL 14,2024-03-15T06:09:00Z,15.82255,66.3138,12.3,254.9,0,AIS_CLASS_A
477001014,V014,BACKGROUND VESSEL 14,2024-03-15T06:19:00Z,15.81458,66.27906,12.0,256.2,0,AIS_CLASS_A
477001014,V014,BACKGROUND VESSEL 14,2024-03-15T06:28:00Z,15.80861,66.24841,12.0,258.9,0,AIS_CLASS_A
477001014,V014,BACKGROUND VESSEL 14,2024-03-15T06:36:00Z,15.80164,66.22078,11.5,257.4,0,AIS_CLASS_A
477001014,V014,BACKGROUND VESSEL 14,2024-03-15T06:47:00Z,15.794,66.18394,11.5,258.8,0,AIS_CLASS_A
477001014,V014,BACKGROUND VESSEL 14,2024-03-15T06:58:00Z,15.78619,66.14748,11.4,255.9,0,AIS_CLASS_A
477001014,V014,BACKGROUND VESSEL 14,2024-03-15T07:08:00Z,15.77913,66.1155,11.4,256.1,0,AIS_CLASS_A
477001014,V014,BACKGROUND VESSEL 14,2024-03-15T07:17:00Z,15.77343,66.08671,11.4,257.3,0,AIS_CLASS_A
477001014,V014,BACKGROUND VESSEL 14,2024-03-15T07:25:00Z,15.76779,66.05932,11.1,256.8,0,AIS_CLASS_A
477001014,V014,BACKGROUND VESSEL 14,2024-03-15T07:30:00Z,15.76456,66.04412,10.7,255.6,0,AIS_CLASS_A
477001014,V014,BACKGROUND VESSEL 14,2024-03-15T07:38:00Z,15.75991,66.01936,10.7,255.2,0,AIS_CLASS_A
477001014,V014,BACKGROUND VESSEL 14,2024-03-15T07:44:00Z,15.75522,66.0017,10.6,255.4,0,AIS_CLASS_A
477001014,V014,BACKGROUND VESSEL 14,2024-03-15T07:53:00Z,15.74851,65.97671,10.8,255.8,0,AIS_CLASS_A
477001014,V014,BACKGROUND VESSEL 14,2024-03-15T07:59:00Z,15.74408,65.95988,10.9,253.4,0,AIS_CLASS_A
477001014,V014,BACKGROUND VESSEL 14,2024-03-15T08:04:00Z,15.73994,65.94511,10.6,252.6,0,AIS_CLASS_A
477001014,V014,BACKGROUND VESSEL 14,2024-03-15T08:09:00Z,15.73509,65.93055,10.6,253.4,0,AIS_CLASS_A
477001014,V014,BACKGROUND VESSEL 14,2024-03-15T08:16:00Z,15.73085,65.9107,10.6,253.1,0,AIS_CLASS_A
477001014,V014,BACKGROUND VESSEL 14,2024-03-15T08:22:00Z,15.72584,65.89306,10.5,253.8,0,AIS_CLASS_A
477001014,V014,BACKGROUND VESSEL 14,2024-03-15T08:29:00Z,15.72002,65.87239,10.7,257.5,0,AIS_CLASS_A
477001014,V014,BACKGROUND VESSEL 14,2024-03-15T08:40:00Z,15.71256,65.84074,10.3,258.0,0,AIS_CLASS_A
477001014,V014,BACKGROUND VESSEL 14,2024-03-15T08:46:00Z,15.70896,65.82373,10.0,258.2,0,AIS_CLASS_A
477001014,V014,BACKGROUND VESSEL 14,2024-03-15T08:51:00Z,15.70585,65.80886,10.0,256.3,0,AIS_CLASS_A
477001014,V014,BACKGROUND VESSEL 14,2024-03-15T09:02:00Z,15.69865,65.77912,10.0,255.4,0,AIS_CLASS_A
477001014,V014,BACKGROUND VESSEL 14,2024-03-15T09:09:00Z,15.69454,65.75977,10.0,255.9,0,AIS_CLASS_A
477001014,V014,BACKGROUND VESSEL 14,2024-03-15T09:18:00Z,15.69033,65.7345,9.6,258.0,0,AIS_CLASS_A
477001014,V014,BACKGROUND VESSEL 14,2024-03-15T09:25:00Z,15.6866,65.71514,9.8,260.7,0,AIS_CLASS_A
477001014,V014,BACKGROUND VESSEL 14,2024-03-15T09:33:00Z,15.67978,65.69242,9.9,261.9,0,AIS_CLASS_A
477001014,V014,BACKGROUND VESSEL 14,2024-03-15T09:38:00Z,15.67901,65.67753,9.8,263.8,0,AIS_CLASS_A
477001014,V014,BACKGROUND VESSEL 14,2024-03-15T09:46:00Z,15.67887,65.65502,9.8,264.2,0,AIS_CLASS_A
477001014,V014,BACKGROUND VESSEL 14,2024-03-15T09:51:00Z,15.67676,65.64031,9.7,268.1,0,AIS_CLASS_A
477001014,V014,BACKGROUND VESSEL 14,2024-03-15T10:01:00Z,15.67748,65.61125,9.8,264.6,0,AIS_CLASS_A
477001014,V014,BACKGROUND VESSEL 14,2024-03-15T10:08:00Z,15.67704,65.59009,9.8,261.5,0,AIS_CLASS_A
477001014,V014,BACKGROUND VESSEL 14,2024-03-15T10:15:00Z,15.67433,65.57116,10.0,261.3,0,AIS_CLASS_A
477001014,V014,BACKGROUND VESSEL 14,2024-03-15T10:21:00Z,15.67171,65.55447,10.0,260.0,0,AIS_CLASS_A
477001014,V014,BACKGROUND VESSEL 14,2024-03-15T10:29:00Z,15.6681,65.53114,10.3,259.5,0,AIS_CLASS_A
477001014,V014,BACKGROUND VESSEL 14,2024-03-15T10:38:00Z,15.66241,65.50425,10.3,258.6,0,AIS_CLASS_A
477001014,V014,BACKGROUND VESSEL 14,2024-03-15T10:46:00Z,15.65711,65.48271,10.0,258.1,0,AIS_CLASS_A
477001014,V014,BACKGROUND VESSEL 14,2024-03-15T10:55:00Z,15.65273,65.45751,10.4,256.9,0,AIS_CLASS_A
477001014,V014,BACKGROUND VESSEL 14,2024-03-15T11:03:00Z,15.64847,65.4335,10.5,256.6,0,AIS_CLASS_A
477001014,V014,BACKGROUND VESSEL 14,2024-03-15T11:13:00Z,15.64174,65.40294,10.7,254.5,0,AIS_CLASS_A
477001014,V014,BACKGROUND VESSEL 14,2024-03-15T11:22:00Z,15.63396,65.37852,10.4,256.5,0,AIS_CLASS_A
477001014,V014,BACKGROUND VESSEL 14,2024-03-15T11:30:00Z,15.62824,65.35516,10.5,258.6,0,AIS_CLASS_A
477001014,V014,BACKGROUND VESSEL 14,2024-03-15T11:39:00Z,15.62394,65.33003,10.3,260.2,0,AIS_CLASS_A
477001014,V014,BACKGROUND VESSEL 14,2024-03-15T11:50:00Z,15.61723,65.29842,10.7,260.7,0,AIS_CLASS_A
477001015,V015,BACKGROUND VESSEL 15,2024-03-15T00:00:00Z,16.87785,66.72943,10.3,211.8,0,AIS_CLASS_A
477001015,V015,BACKGROUND VESSEL 15,2024-03-15T00:07:00Z,16.85907,66.71957,10.5,212.3,0,AIS_CLASS_A
477001015,V015,BACKGROUND VESSEL 15,2024-03-15T00:13:00Z,16.844,66.70987,10.9,212.2,0,AIS_CLASS_A
477001015,V015,BACKGROUND VESSEL 15,2024-03-15T00:20:00Z,16.82591,66.69681,11.3,211.1,0,AIS_CLASS_A
477001015,V015,BACKGROUND VESSEL 15,2024-03-15T00:25:00Z,16.81197,66.68917,11.3,210.8,0,AIS_CLASS_A
477001015,V015,BACKGROUND VESSEL 15,2024-03-15T00:31:00Z,16.79309,66.67943,11.5,213.6,0,AIS_CLASS_A
477001015,V015,BACKGROUND VESSEL 15,2024-03-15T00:39:00Z,16.77237,66.66572,11.4,213.1,0,AIS_CLASS_A
477001015,V015,BACKGROUND VESSEL 15,2024-03-15T00:45:00Z,16.7559,66.65559,11.1,211.7,0,AIS_CLASS_A
477001015,V015,BACKGROUND VESSEL 15,2024-03-15T00:51:00Z,16.74073,66.6441,11.0,213.1,0,AIS_CLASS_A
477001015,V015,BACKGROUND VESSEL 15,2024-03-15T00:56:00Z,16.72631,66.63486,11.2,213.7,0,AIS_CLASS_A
477001015,V015,BACKGROUND VESSEL 15,2024-03-15T01:02:00Z,16.712,66.62369,10.7,214.4,0,AIS_CLASS_A
477001015,V015,BACKGROUND VESSEL 15,2024-03-15T01:12:00Z,16.68702,66.60549,11.0,214.6,0,AIS_CLASS_A
477001015,V015,BACKGROUND VESSEL 15,2024-03-15T01:20:00Z,16.66723,66.59128,11.1,216.2,0,AIS_CLASS_A
477001015,V015,BACKGROUND VESSEL 15,2024-03-15T01:25:00Z,16.65589,66.58086,11.2,215.9,0,AIS_CLASS_A
477001015,V015,BACKGROUND VESSEL 15,2024-03-15T01:30:00Z,16.64392,66.57149,11.3,218.6,0,AIS_CLASS_A
477001015,V015,BACKGROUND VESSEL 15,2024-03-15T01:41:00Z,16.61712,66.54924,11.2,218.1,0,AIS_CLASS_A
477001015,V015,BACKGROUND VESSEL 15,2024-03-15T01:49:00Z,16.59602,66.53347,11.5,218.5,0,AIS_CLASS_A
477001015,V015,BACKGROUND VESSEL 15,2024-03-15T01:55:00Z,16.58125,66.5214,11.3,217.6,0,AIS_CLASS_A
477001015,V015,BACKGROUND VESSEL 15,2024-03-15T02:05:00Z,16.55573,66.50175,11.2,218.0,0,AIS_CLASS_A
477001015,V015,BACKGROUND VESSEL 15,2024-03-15T02:12:00Z,16.53822,66.48906,11.5,218.7,0,AIS_CLASS_A
477001015,V015,BACKGROUND VESSEL 15,2024-03-15T02:21:00Z,16.51373,66.4695,11.3,221.1,0,AIS_CLASS_A
477001015,V015,BACKGROUND VESSEL 15,2024-03-15T02:32:00Z,16.4877,66.44574,11.7,218.9,0,AIS_CLASS_A
477001015,V015,BACKGROUND VESSEL 15,2024-03-15T02:40:00Z,16.4663,66.42981,11.8,220.1,0,AIS_CLASS_A
477001015,V015,BACKGROUND VESSEL 15,2024-03-15T02:46:00Z,16.45135,66.41636,11.6,219.2,0,AIS_CLASS_A
477001015,V015,BACKGROUND VESSEL 15,2024-03-15T02:52:00Z,16.43744,66.4024,11.8,218.6,0,AIS_CLASS_A
477001015,V015,BACKGROUND VESSEL 15,2024-03-15T02:59:00Z,16.41881,66.38601,12.1,216.7,0,AIS_CLASS_A
477001015,V015,BACKGROUND VESSEL 15,2024-03-15T03:06:00Z,16.4012,66.37221,12.2,215.7,0,AIS_CLASS_A
477001015,V015,BACKGROUND VESSEL 15,2024-03-15T03:12:00Z,16.38505,66.35954,12.4,215.7,0,AIS_CLASS_A
477001015,V015,BACKGROUND VESSEL 15,2024-03-15T03:18:00Z,16.36751,66.34642,12.0,216.9,0,AIS_CLASS_A
477001015,V015,BACKGROUND VESSEL 15,2024-03-15T03:25:00Z,16.35034,66.3317,11.9,216.6,0,AIS_CLASS_A
477001015,V015,BACKGROUND VESSEL 15,2024-03-15T03:35:00Z,16.32425,66.31208,11.7,214.2,0,AIS_CLASS_A
477001015,V015,BACKGROUND VESSEL 15,2024-03-15T03:41:00Z,16.3085,66.30028,11.8,214.6,0,AIS_CLASS_A
477001015,V015,BACKGROUND VESSEL 15,2024-03-15T03:49:00Z,16.28717,66.28345,12.1,215.7,0,AIS_CLASS_A
477001015,V015,BACKGROUND VESSEL 15,2024-03-15T03:55:00Z,16.27001,66.27188,12.1,217.2,0,AIS_CLASS_A
477001015,V015,BACKGROUND VESSEL 15,2024-03-15T04:02:00Z,16.2516,66.25647,12.3,218.3,0,AIS_CLASS_A
477001015,V015,BACKGROUND VESSEL 15,2024-03-15T04:12:00Z,16.22361,66.23497,12.0,218.2,0,AIS_CLASS_A
477001015,V015,BACKGROUND VESSEL 15,2024-03-15T04:21:00Z,16.19994,66.21599,12.3,220.5,0,AIS_CLASS_A
477001015,V015,BACKGROUND VESSEL 15,2024-03-15T04:28:00Z,16.18113,66.19972,12.4,220.6,0,AIS_CLASS_A
477001015,V015,BACKGROUND VESSEL 15,2024-03-15T04:33:00Z,16.16633,66.18747,12.5,218.2,0,AIS_CLASS_A
477001015,V015,BACKGROUND VESSEL 15,2024-03-15T04:42:00Z,16.14335,66.16656,12.5,219.1,0,AIS_CLASS_A
477001015,V015,BACKGROUND VESSEL 15,2024-03-15T04:48:00Z,16.12687,66.15187,12.6,218.8,0,AIS_CLASS_A
477001015,V015,BACKGROUND VESSEL 15,2024-03-15T04:58:00Z,16.09968,66.1296,12.4,219.3,0,AIS_CLASS_A
477001015,V015,BACKGROUND VESSEL 15,2024-03-15T05:06:00Z,16.07857,66.11053,12.7,219.6,0,AIS_CLASS_A
477001015,V015,BACKGROUND VESSEL 15,2024-03-15T05:14:00Z,16.0559,66.09244,12.8,220.0,0,AIS_CLASS_A
477001015,V015,BACKGROUND VESSEL 15,2024-03-15T05:22:00Z,16.03491,66.07378,12.7,218.9,0,AIS_CLASS_A
477001015,V015,BACKGROUND VESSEL 15,2024-03-15T05:30:00Z,16.01415,66.05514,12.9,220.0,0,AIS_CLASS_A
477001015,V015,BACKGROUND VESSEL 15,2024-03-15T05:36:00Z,15.99795,66.0402,12.8,218.4,0,AIS_CLASS_A
477001015,V015,BACKGROUND VESSEL 15,2024-03-15T05:47:00Z,15.96708,66.01408,13.3,220.3,0,AIS_CLASS_A
477001015,V015,BACKGROUND VESSEL 15,2024-03-15T05:57:00Z,15.93775,65.98998,12.9,221.4,0,AIS_CLASS_A
477001015,V015,BACKGROUND VESSEL 15,2024-03-15T06:07:00Z,15.91074,65.96583,12.9,222.7,0,AIS_CLASS_A
477001015,V015,BACKGROUND VESSEL 15,2024-03-15T06:12:00Z,15.89706,65.95318,12.7,220.3,0,AIS_CLASS_A
477001015,V015,BACKGROUND VESSEL 15,2024-03-15T06:21:00Z,15.87254,65.93051,12.5,220.8,0,AIS_CLASS_A
477001015,V015,BACKGROUND VESSEL 15,2024-03-15T06:30:00Z,15.84901,65.91112,12.5,220.8,0,AIS_CLASS_A
477001015,V015,BACKGROUND VESSEL 15,2024-03-15T06:35:00Z,15.83653,65.90061,12.7,220.8,0,AIS_CLASS_A
477001015,V015,BACKGROUND VESSEL 15,2024-03-15T06:42:00Z,15.81731,65.88545,12.3,219.8,0,AIS_CLASS_A
477001015,V015,BACKGROUND VESSEL 15,2024-03-15T06:51:00Z,15.79492,65.86347,11.9,220.8,0,AIS_CLASS_A
477001015,V015,BACKGROUND VESSEL 15,2024-03-15T06:58:00Z,15.77771,65.84735,12.1,222.6,0,AIS_CLASS_A
477001015,V015,BACKGROUND VESSEL 15,2024-03-15T07:09:00Z,15.75181,65.82079,12.2,225.4,0,AIS_CLASS_A
477001015,V015,BACKGROUND VESSEL 15,2024-03-15T07:18:00Z,15.7311,65.79936,12.2,224.0,0,AIS_CLASS_A
477001015,V015,BACKGROUND VESSEL 15,2024-03-15T07:28:00Z,15.70663,65.77616,12.4,221.3,0,AIS_CLASS_A
477001015,V015,BACKGROUND VESSEL 15,2024-03-15T07:39:00Z,15.6788,65.74998,12.7,221.3,0,AIS_CLASS_A
477001015,V015,BACKGROUND VESSEL 15,2024-03-15T07:47:00Z,15.65634,65.73104,12.6,223.8,0,AIS_CLASS_A
477001015,V015,BACKGROUND VESSEL 15,2024-03-15T07:55:00Z,15.63502,65.70981,12.9,223.6,0,AIS_CLASS_A
477001015,V015,BACKGROUND VESSEL 15,2024-03-15T08:04:00Z,15.61056,65.68604,13.1,223.0,0,AIS_CLASS_A
477001015,V015,BACKGROUND VESSEL 15,2024-03-15T08:15:00Z,15.58102,65.6575,12.8,221.4,0,AIS_CLASS_A
477001015,V015,BACKGROUND VESSEL 15,2024-03-15T08:22:00Z,15.564,65.64002,12.8,222.6,0,AIS_CLASS_A
477001015,V015,BACKGROUND VESSEL 15,2024-03-15T08:27:00Z,15.55106,65.62899,12.6,222.8,0,AIS_CLASS_A
477001015,V015,BACKGROUND VESSEL 15,2024-03-15T08:33:00Z,15.53459,65.61377,12.6,221.7,0,AIS_CLASS_A
477001015,V015,BACKGROUND VESSEL 15,2024-03-15T08:38:00Z,15.52312,65.6026,12.6,220.9,0,AIS_CLASS_A
477001015,V015,BACKGROUND VESSEL 15,2024-03-15T08:45:00Z,15.50409,65.58456,12.9,221.8,0,AIS_CLASS_A
477001015,V015,BACKGROUND VESSEL 15,2024-03-15T08:56:00Z,15.47362,65.55681,12.8,222.5,0,AIS_CLASS_A
477001015,V015,BACKGROUND VESSEL 15,2024-03-15T09:02:00Z,15.45909,65.54315,12.6,223.6,0,AIS_CLASS_A
477001015,V015,BACKGROUND VESSEL 15,2024-03-15T09:13:00Z,15.43154,65.51526,12.6,222.7,0,AIS_CLASS_A
477001015,V015,BACKGROUND VESSEL 15,2024-03-15T09:22:00Z,15.40893,65.49366,12.4,221.7,0,AIS_CLASS_A
477001015,V015,BACKGROUND VESSEL 15,2024-03-15T09:28:00Z,15.3942,65.47964,12.5,221.9,0,AIS_CLASS_A
477001015,V015,BACKGROUND VESSEL 15,2024-03-15T09:37:00Z,15.37036,65.45998,12.4,222.4,0,AIS_CLASS_A
477001015,V015,BACKGROUND VESSEL 15,2024-03-15T09:48:00Z,15.34266,65.4355,12.2,224.2,0,AIS_CLASS_A
477001015,V015,BACKGROUND VESSEL 15,2024-03-15T09:59:00Z,15.31582,65.40792,12.3,226.1,0,AIS_CLASS_A
477001015,V015,BACKGROUND VESSEL 15,2024-03-15T10:09:00Z,15.29375,65.38205,12.0,226.9,0,AIS_CLASS_A
477001015,V015,BACKGROUND VESSEL 15,2024-03-15T10:17:00Z,15.2743,65.36152,12.8,225.4,0,AIS_CLASS_A
477001015,V015,BACKGROUND VESSEL 15,2024-03-15T10:28:00Z,15.24799,65.33154,12.8,225.9,0,AIS_CLASS_A
477001015,V015,BACKGROUND VESSEL 15,2024-03-15T10:33:00Z,15.23508,65.31991,13.1,225.9,0,AIS_CLASS_A
477001015,V015,BACKGROUND VESSEL 15,2024-03-15T10:38:00Z,15.22174,65.305,13.2,224.7,0,AIS_CLASS_A
477001015,V015,BACKGROUND VESSEL 15,2024-03-15T10:46:00Z,15.20059,65.28531,13.3,226.2,0,AIS_CLASS_A
477001015,V015,BACKGROUND VESSEL 15,2024-03-15T10:52:00Z,15.18456,65.26978,13.1,227.0,0,AIS_CLASS_A
477001015,V015,BACKGROUND VESSEL 15,2024-03-15T11:03:00Z,15.15642,65.23899,12.9,226.7,0,AIS_CLASS_A
477001015,V015,BACKGROUND VESSEL 15,2024-03-15T11:13:00Z,15.13096,65.21094,12.6,227.1,0,AIS_CLASS_A
477001015,V015,BACKGROUND VESSEL 15,2024-03-15T11:23:00Z,15.10773,65.18364,12.8,229.0,0,AIS_CLASS_A
477001015,V015,BACKGROUND VESSEL 15,2024-03-15T11:31:00Z,15.08872,65.16032,12.8,227.7,0,AIS_CLASS_A
477001015,V015,BACKGROUND VESSEL 15,2024-03-15T11:40:00Z,15.06847,65.13541,12.6,230.5,0,AIS_CLASS_A
477001015,V015,BACKGROUND VESSEL 15,2024-03-15T11:47:00Z,15.05143,65.11688,12.8,229.7,0,AIS_CLASS_A
477001015,V015,BACKGROUND VESSEL 15,2024-03-15T11:56:00Z,15.03097,65.09134,13.2,229.9,0,AIS_CLASS_A
477001016,V016,BACKGROUND VESSEL 16,2024-03-15T00:00:00Z,19.63717,60.25815,10.1,133.0,0,AIS_CLASS_A
477001016,V016,BACKGROUND VESSEL 16,2024-03-15T00:09:00Z,19.62246,60.2793,9.6,133.7,0,AIS_CLASS_A
477001016,V016,BACKGROUND VESSEL 16,2024-03-15T00:14:00Z,19.61342,60.28883,9.6,131.0,0,AIS_CLASS_A
477001016,V016,BACKGROUND VESSEL 16,2024-03-15T00:20:00Z,19.60337,60.30116,9.6,131.0,0,AIS_CLASS_A
477001016,V016,BACKGROUND VESSEL 16,2024-03-15T00:29:00Z,19.58852,60.31993,9.5,129.3,0,AIS_CLASS_A
477001016,V016,BACKGROUND VESSEL 16,2024-03-15T00:35:00Z,19.57807,60.33201,9.3,128.4,0,AIS_CLASS_A
477001016,V016,BACKGROUND VESSEL 16,2024-03-15T00:46:00Z,19.56308,60.35707,9.2,126.7,0,AIS_CLASS_A
477001016,V016,BACKGROUND VESSEL 16,2024-03-15T00:51:00Z,19.55433,60.36952,9.2,129.2,0,AIS_CLASS_A
477001016,V016,BACKGROUND VESSEL 16,2024-03-15T00:58:00Z,19.54353,60.38199,9.3,129.3,0,AIS_CLASS_A
477001016,V016,BACKGROUND VESSEL 16,2024-03-15T01:04:00Z,19.53453,60.39554,9.2,129.7,0,AIS_CLASS_A
477001016,V016,BACKGROUND VESSEL 16,2024-03-15T01:15:00Z,19.51652,60.41949,9.4,130.5,0,AIS_CLASS_A
477001016,V016,BACKGROUND VESSEL 16,2024-03-15T01:20:00Z,19.50806,60.42986,9.3,128.8,0,AIS_CLASS_A
477001016,V016,BACKGROUND VESSEL 16,2024-03-15T01:31:00Z,19.49118,60.45432,9.2,127.8,0,AIS_CLASS_A
477001016,V016,BACKGROUND VESSEL 16,2024-03-15T01:41:00Z,19.47594,60.47728,9.4,130.0,0,AIS_CLASS_A
477001016,V016,BACKGROUND VESSEL 16,2024-03-15T01:48:00Z,19.46417,60.49169,9.6,128.7,0,AIS_CLASS_A
477001016,V016,BACKGROUND VESSEL 16,2024-03-15T01:56:00Z,19.45053,60.50773,9.6,129.4,0,AIS_CLASS_A
477001016,V016,BACKGROUND VESSEL 16,2024-03-15T02:01:00Z,19.4436,60.51952,9.7,127.1,0,AIS_CLASS_A
477001016,V016,BACKGROUND VESSEL 16,2024-03-15T02:12:00Z,19.426,60.54421,9.7,127.8,0,AIS_CLASS_A
477001016,V016,BACKGROUND VESSEL 16,2024-03-15T02:20:00Z,19.41287,60.56176,10.0,127.5,0,AIS_CLASS_A
477001016,V016,BACKGROUND VESSEL 16,2024-03-15T02:25:00Z,19.40526,60.57273,10.6,128.9,0,AIS_CLASS_A
477001016,V016,BACKGROUND VESSEL 16,2024-03-15T02:31:00Z,19.39474,60.58726,10.2,129.0,0,AIS_CLASS_A
477001016,V016,BACKGROUND VESSEL 16,2024-03-15T02:36:00Z,19.38646,60.59851,10.4,129.7,0,AIS_CLASS_A
477001016,V016,BACKGROUND VESSEL 16,2024-03-15T02:45:00Z,19.37045,60.61971,10.6,132.0,0,AIS_CLASS_A
477001016,V016,BACKGROUND VESSEL 16,2024-03-15T02:51:00Z,19.35912,60.63418,10.6,132.9,0,AIS_CLASS_A
477001016,V016,BACKGROUND VESSEL 16,2024-03-15T02:58:00Z,19.34483,60.65213,10.6,133.8,0,AIS_CLASS_A
477001016,V016,BACKGROUND VESSEL 16,2024-03-15T03:06:00Z,19.32901,60.6719,10.7,133.7,0,AIS_CLASS_A
477001016,V016,BACKGROUND VESSEL 16,2024-03-15T03:16:00Z,19.30577,60.6922,10.7,133.3,0,AIS_CLASS_A
477001016,V016,BACKGROUND VESSEL 16,2024-03-15T03:25:00Z,19.2877,60.71493,10.9,134.7,0,AIS_CLASS_A
477001016,V016,BACKGROUND VESSEL 16,2024-03-15T03:30:00Z,19.27865,60.7276,11.3,136.3,0,AIS_CLASS_A
477001016,V016,BACKGROUND VESSEL 16,2024-03-15T03:40:00Z,19.25575,60.75028,11.3,135.3,0,AIS_CLASS_A
477001016,V016,BACKGROUND VESSEL 16,2024-03-15T03:48:00Z,19.23684,60.76962,11.2,133.9,0,AIS_CLASS_A
477001016,V016,BACKGROUND VESSEL 16,2024-03-15T03:55:00Z,19.22098,60.78599,11.1,135.0,0,AIS_CLASS_A
477001016,V016,BACKGROUND VESSEL 16,2024-03-15T04:00:00Z,19.21066,60.79898,11.2,132.9,0,AIS_CLASS_A
477001016,V016,BACKGROUND VESSEL 16,2024-03-15T04:08:00Z,19.19363,60.81866,11.2,132.5,0,AIS_CLASS_A
477001016,V016,BACKGROUND VESSEL 16,2024-03-15T04:13:00Z,19.18398,60.83139,11.2,133.3,0,AIS_CLASS_A
477001016,V016,BACKGROUND VESSEL 16,2024-03-15T04:21:00Z,19.16732,60.85248,11.4,132.2,0,AIS_CLASS_A
477001016,V016,BACKGROUND VESSEL 16,2024-03-15T04:31:00Z,19.14458,60.87571,11.5,135.3,0,AIS_CLASS_A
477001016,V016,BACKGROUND VESSEL 16,2024-03-15T04:39:00Z,19.12854,60.89533,11.4,134.1,0,AIS_CLASS_A
477001016,V016,BACKGROUND VESSEL 16,2024-03-15T04:46:00Z,19.11447,60.91273,11.4,129.8,0,AIS_CLASS_A
477001016,V016,BACKGROUND VESSEL 16,2024-03-15T04:55:00Z,19.09629,60.93605,11.7,130.1,0,AIS_CLASS_A
477001016,V016,BACKGROUND VESSEL 16,2024-03-15T05:06:00Z,19.07289,60.96474,11.7,131.5,0,AIS_CLASS_A
477001016,V016,BACKGROUND VESSEL 16,2024-03-15T05:12:00Z,19.05908,60.97969,11.6,133.3,0,AIS_CLASS_A
477001016,V016,BACKGROUND VESSEL 16,2024-03-15T05:23:00Z,19.03577,61.00672,11.6,131.2,0,AIS_CLASS_A
477001016,V016,BACKGROUND VESSEL 16,2024-03-15T05:28:00Z,19.02507,61.01993,11.6,131.1,0,AIS_CLASS_A
477001016,V016,BACKGROUND VESSEL 16,2024-03-15T05:35:00Z,19.00866,61.03861,11.5,130.1,0,AIS_CLASS_A
477001016,V016,BACKGROUND VESSEL 16,2024-03-15T05:40:00Z,18.99784,61.04939,11.4,131.0,0,AIS_CLASS_A
477001016,V016,BACKGROUND VESSEL 16,2024-03-15T05:51:00Z,18.97541,61.07824,11.3,132.7,0,AIS_CLASS_A
477001016,V016,BACKGROUND VESSEL 16,2024-03-15T05:56:00Z,18.9664,61.09025,11.1,132.8,0,AIS_CLASS_A
477001016,V016,BACKGROUND VESSEL 16,2024-03-15T06:03:00Z,18.95179,61.10737,10.9,133.4,0,AIS_CLASS_A
477001016,V016,BACKGROUND VESSEL 16,2024-03-15T06:08:00Z,18.94278,61.11912,11.2,131.5,0,AIS_CLASS_A
477001016,V016,BACKGROUND VESSEL 16,2024-03-15T06:16:00Z,18.92724,61.13912,11.3,131.7,0,AIS_CLASS_A
477001016,V016,BACKGROUND VESSEL 16,2024-03-15T06:26:00Z,18.90706,61.16277,11.5,132.2,0,AIS_CLASS_A
477001016,V016,BACKGROUND VESSEL 16,2024-03-15T06:37:00Z,18.88296,61.19097,11.5,131.8,0,AIS_CLASS_A
477001016,V016,BACKGROUND VESSEL 16,2024-03-15T06:43:00Z,18.87115,61.20684,11.6,132.9,0,AIS_CLASS_A
477001016,V016,BACKGROUND VESSEL 16,2024-03-15T06:49:00Z,18.85925,61.22202,11.8,132.2,0,AIS_CLASS_A
477001016,V016,BACKGROUND VESSEL 16,2024-03-15T06:54:00Z,18.84761,61.23525,11.5,130.9,0,AIS_CLASS_A
477001016,V016,BACKGROUND VESSEL 16,2024-03-15T07:01:00Z,18.83393,61.25239,11.6,128.4,0,AIS_CLASS_A
477001016,V016,BACKGROUND VESSEL 16,2024-03-15T07:11:00Z,18.81358,61.27734,11.6,128.9,0,AIS_CLASS_A
477001016,V016,BACKGROUND VESSEL 16,2024-03-15T07:16:00Z,18.80299,61.28989,11.3,131.1,0,AIS_CLASS_A
477001016,V016,BACKGROUND VESSEL 16,2024-03-15T07:22:00Z,18.79068,61.30418,11.2,129.5,0,AIS_CLASS_A
477001016,V016,BACKGROUND VESSEL 16,2024-03-15T07:33:00Z,18.76807,61.33115,11.1,129.2,0,AIS_CLASS_A
477001016,V016,BACKGROUND VESSEL 16,2024-03-15T07:43:00Z,18.74867,61.35815,11.1,128.1,0,AIS_CLASS_A
477001016,V016,BACKGROUND VESSEL 16,2024-03-15T07:54:00Z,18.7292,61.38663,10.8,130.0,0,AIS_CLASS_A
477001016,V016,BACKGROUND VESSEL 16,2024-03-15T08:03:00Z,18.71046,61.40821,10.6,129.2,0,AIS_CLASS_A
477001016,V016,BACKGROUND VESSEL 16,2024-03-15T08:09:00Z,18.70006,61.42095,10.4,131.0,0,AIS_CLASS_A
477001016,V016,BACKGROUND VESSEL 16,2024-03-15T08:20:00Z,18.68076,61.44476,10.3,130.0,0,AIS_CLASS_A
477001016,V016,BACKGROUND VESSEL 16,2024-03-15T08:29:00Z,18.66479,61.46465,10.2,129.7,0,AIS_CLASS_A
477001016,V016,BACKGROUND VESSEL 16,2024-03-15T08:34:00Z,18.65482,61.47571,10.1,129.2,0,AIS_CLASS_A
477001016,V016,BACKGROUND VESSEL 16,2024-03-15T08:39:00Z,18.64631,61.48695,10.1,130.6,0,AIS_CLASS_A
477001016,V016,BACKGROUND VESSEL 16,2024-03-15T08:49:00Z,18.62683,61.50948,10.4,129.9,0,AIS_CLASS_A
477001016,V016,BACKGROUND VESSEL 16,2024-03-15T09:00:00Z,18.60591,61.53543,10.7,127.8,0,AIS_CLASS_A
477001016,V016,BACKGROUND VESSEL 16,2024-03-15T09:09:00Z,18.59095,61.55645,10.7,128.0,0,AIS_CLASS_A
477001016,V016,BACKGROUND VESSEL 16,2024-03-15T09:19:00Z,18.57221,61.58212,11.0,127.1,0,AIS_CLASS_A
477001016,V016,BACKGROUND VESSEL 16,2024-03-15T09:29:00Z,18.55442,61.60725,11.4,125.2,0,AIS_CLASS_A
477001016,V016,BACKGROUND VESSEL 16,2024-03-15T09:36:00Z,18.54172,61.62708,11.4,123.1,0,AIS_CLASS_A
477001016,V016,BACKGROUND VESSEL 16,2024-03-15T09:43:00Z,18.52894,61.64542,11.4,122.7,0,AIS_CLASS_A
477001016,V016,BACKGROUND VESSEL 16,2024-03-15T09:48:00Z,18.52193,61.65929,11.7,122.6,0,AIS_CLASS_A
477001016,V016,BACKGROUND VESSEL 16,2024-03-15T09:57:00Z,18.50654,61.68358,11.2,124.5,0,AIS_CLASS_A
477001016,V016,BACKGROUND VESSEL 16,2024-03-15T10:06:00Z,18.49047,61.70632,11.4,127.4,0,AIS_CLASS_A
477001016,V016,BACKGROUND VESSEL 16,2024-03-15T10:15:00Z,18.47394,61.73055,11.6,126.8,0,AIS_CLASS_A
477001016,V016,BACKGROUND VESSEL 16,2024-03-15T10:24:00Z,18.45658,61.75549,11.6,126.8,0,AIS_CLASS_A
477001016,V016,BACKGROUND VESSEL 16,2024-03-15T10:30:00Z,18.44395,61.77173,11.9,127.4,0,AIS_CLASS_A
477001016,V016,BACKGROUND VESSEL 16,2024-03-15T10:41:00Z,18.41989,61.80175,11.5,125.4,0,AIS_CLASS_A
477001016,V016,BACKGROUND VESSEL 16,2024-03-15T10:48:00Z,18.40745,61.82102,11.6,126.2,0,AIS_CLASS_A
477001016,V016,BACKGROUND VESSEL 16,2024-03-15T10:54:00Z,18.39591,61.83741,11.6,129.1,0,AIS_CLASS_A
477001016,V016,BACKGROUND VESSEL 16,2024-03-15T11:03:00Z,18.37967,61.86103,11.6,128.2,0,AIS_CLASS_A
477001016,V016,BACKGROUND VESSEL 16,2024-03-15T11:14:00Z,18.35741,61.89017,11.8,129.2,0,AIS_CLASS_A
477001016,V016,BACKGROUND VESSEL 16,2024-03-15T11:25:00Z,18.33438,61.91941,11.9,128.8,0,AIS_CLASS_A
477001016,V016,BACKGROUND VESSEL 16,2024-03-15T11:32:00Z,18.31965,61.9388,12.0,126.8,0,AIS_CLASS_A
477001016,V016,BACKGROUND VESSEL 16,2024-03-15T11:40:00Z,18.3047,61.96099,12.2,125.8,0,AIS_CLASS_A
477001016,V016,BACKGROUND VESSEL 16,2024-03-15T11:50:00Z,18.28443,61.99068,12.1,125.2,0,AIS_CLASS_A
477001016,V016,BACKGROUND VESSEL 16,2024-03-15T11:59:00Z,18.26678,62.0157,12.0,124.1,0,AIS_CLASS_A
477001017,V017,BACKGROUND VESSEL 17,2024-03-15T00:00:00Z,20.57067,64.07234,13.9,130.7,0,AIS_CLASS_A
477001017,V017,BACKGROUND VESSEL 17,2024-03-15T00:09:00Z,20.54806,64.10235,13.8,133.3,0,AIS_CLASS_A
477001017,V017,BACKGROUND VESSEL 17,2024-03-15T00:15:00Z,20.53044,64.12009,13.6,131.8,0,AIS_CLASS_A
477001017,V017,BACKGROUND VESSEL 17,2024-03-15T00:25:00Z,20.5026,64.15059,13.5,131.5,0,AIS_CLASS_A
477001017,V017,BACKGROUND VESSEL 17,2024-03-15T00:35:00Z,20.47689,64.18092,13.6,132.9,0,AIS_CLASS_A
477001017,V017,BACKGROUND VESSEL 17,2024-03-15T00:45:00Z,20.45273,64.20935,13.6,133.1,0,AIS_CLASS_A
477001017,V017,BACKGROUND VESSEL 17,2024-03-15T00:52:00Z,20.43443,64.22874,13.7,135.8,0,AIS_CLASS_A
477001017,V017,BACKGROUND VESSEL 17,2024-03-15T01:00:00Z,20.41335,64.25227,13.2,136.5,0,AIS_CLASS_A
477001017,V017,BACKGROUND VESSEL 17,2024-03-15T01:05:00Z,20.40041,64.26683,13.3,134.2,0,AIS_CLASS_A
477001017,V017,BACKGROUND VESSEL 17,2024-03-15T01:13:00Z,20.37988,64.29055,13.1,135.6,0,AIS_CLASS_A
477001017,V017,BACKGROUND VESSEL 17,2024-03-15T01:23:00Z,20.35367,64.31811,13.4,136.8,0,AIS_CLASS_A
477001017,V017,BACKGROUND VESSEL 17,2024-03-15T01:29:00Z,20.33729,64.3361,13.4,135.4,0,AIS_CLASS_A
477001017,V017,BACKGROUND VESSEL 17,2024-03-15T01:39:00Z,20.31199,64.36374,13.4,136.3,0,AIS_CLASS_A
477001017,V017,BACKGROUND VESSEL 17,2024-03-15T01:49:00Z,20.28453,64.39252,13.6,137.5,0,AIS_CLASS_A
477001017,V017,BACKGROUND VESSEL 17,2024-03-15T01:55:00Z,20.26664,64.40971,13.5,138.1,0,AIS_CLASS_A
477001017,V017,BACKGROUND VESSEL 17,2024-03-15T02:00:00Z,20.25147,64.4234,13.2,134.9,0,AIS_CLASS_A
477001017,V017,BACKGROUND VESSEL 17,2024-03-15T02:07:00Z,20.23426,64.44381,13.4,136.9,0,AIS_CLASS_A
477001017,V017,BACKGROUND VESSEL 17,2024-03-15T02:13:00Z,20.21848,64.45995,13.2,136.0,0,AIS_CLASS_A
477001017,V017,BACKGROUND VESSEL 17,2024-03-15T02:22:00Z,20.19375,64.48487,13.4,133.8,0,AIS_CLASS_A
477001017,V017,BACKGROUND VESSEL 17,2024-03-15T02:29:00Z,20.17563,64.50429,13.2,135.5,0,AIS_CLASS_A
477001017,V017,BACKGROUND VESSEL 17,2024-03-15T02:38:00Z,20.15222,64.52737,13.4,134.9,0,AIS_CLASS_A
477001017,V017,BACKGROUND VESSEL 17,2024-03-15T02:44:00Z,20.13589,64.54378,13.5,136.6,0,AIS_CLASS_A
477001017,V017,BACKGROUND VESSEL 17,2024-03-15T02:55:00Z,20.10567,64.57367,13.7,135.1,0,AIS_CLASS_A
477001017,V017,BACKGROUND VESSEL 17,2024-03-15T03:06:00Z,20.07649,64.60589,13.9,132.7,0,AIS_CLASS_A
477001017,V017,BACKGROUND VESSEL 17,2024-03-15T03:12:00Z,20.06168,64.62423,13.7,131.3,0,AIS_CLASS_A
477001017,V017,BACKGROUND VESSEL 17,2024-03-15T03:21:00Z,20.03913,64.65218,14.0,130.3,0,AIS_CLASS_A
477001017,V017,BACKGROUND VESSEL 17,2024-03-15T03:31:00Z,20.01327,64.68306,14.0,129.6,0,AIS_CLASS_A
477001017,V017,BACKGROUND VESSEL 17,2024-03-15T03:38:00Z,19.99767,64.70607,14.1,131.2,0,AIS_CLASS_A
477001017,V017,BACKGROUND VESSEL 17,2024-03-15T03:44:00Z,19.98078,64.72481,14.3,130.2,0,AIS_CLASS_A
477001017,V017,BACKGROUND VESSEL 17,2024-03-15T03:51:00Z,19.9639,64.74638,14.0,130.6,0,AIS_CLASS_A
477001017,V017,BACKGROUND VESSEL 17,2024-03-15T03:56:00Z,19.95129,64.76042,14.3,130.8,0,AIS_CLASS_A
477001017,V017,BACKGROUND VESSEL 17,2024-03-15T04:03:00Z,19.93353,64.78274,14.3,127.9,0,AIS_CLASS_A
477001017,V017,BACKGROUND VESSEL 17,2024-03-15T04:08:00Z,19.92312,64.80198,14.2,126.1,0,AIS_CLASS_A
477001017,V017,BACKGROUND VESSEL 17,2024-03-15T04:15:00Z,19.90672,64.82618,14.0,127.1,0,AIS_CLASS_A
477001017,V017,BACKGROUND VESSEL 17,2024-03-15T04:25:00Z,19.88278,64.85907,14.0,126.9,0,AIS_CLASS_A
477001017,V017,BACKGROUND VESSEL 17,2024-03-15T04:36:00Z,19.85831,64.89438,14.2,128.3,0,AIS_CLASS_A
477001017,V017,BACKGROUND VESSEL 17,2024-03-15T04:43:00Z,19.84018,64.91843,14.0,128.1,0,AIS_CLASS_A
477001017,V017,BACKGROUND VESSEL 17,2024-03-15T04:54:00Z,19.81277,64.95386,13.8,128.5,0,AIS_CLASS_A
477001017,V017,BACKGROUND VESSEL 17,2024-03-15T05:03:00Z,19.79175,64.98358,13.7,129.8,0,AIS_CLASS_A
477001017,V017,BACKGROUND VESSEL 17,2024-03-15T05:09:00Z,19.77664,65.00101,13.9,132.7,0,AIS_CLASS_A
477001017,V017,BACKGROUND VESSEL 17,2024-03-15T05:15:00Z,19.76005,65.01811,13.8,133.2,0,AIS_CLASS_A
477001017,V017,BACKGROUND VESSEL 17,2024-03-15T05:20:00Z,19.74705,65.03255,13.8,132.7,0,AIS_CLASS_A
477001017,V017,BACKGROUND VESSEL 17,2024-03-15T05:30:00Z,19.72024,65.06168,14.1,133.7,0,AIS_CLASS_A
477001017,V017,BACKGROUND VESSEL 17,2024-03-15T05:35:00Z,19.70613,65.07802,14.5,130.2,0,AIS_CLASS_A
477001017,V017,BACKGROUND VESSEL 17,2024-03-15T05:44:00Z,19.6823,65.10808,14.4,130.8,0,AIS_CLASS_A
477001017,V017,BACKGROUND VESSEL 17,2024-03-15T05:50:00Z,19.66618,65.12572,14.3,130.1,0,AIS_CLASS_A
477001017,V017,BACKGROUND VESSEL 17,2024-03-15T06:01:00Z,19.63893,65.16152,14.5,131.0,0,AIS_CLASS_A
477001017,V017,BACKGROUND VESSEL 17,2024-03-15T06:08:00Z,19.62052,65.18296,14.3,128.9,0,AIS_CLASS_A
477001017,V017,BACKGROUND VESSEL 17,2024-03-15T06:19:00Z,19.5932,65.2178,14.3,130.7,0,AIS_CLASS_A
477001017,V017,BACKGROUND VESSEL 17,2024-03-15T06:27:00Z,19.57225,65.24172,14.5,129.1,0,AIS_CLASS_A
477001017,V017,BACKGROUND VESSEL 17,2024-03-15T06:37:00Z,19.54644,65.27552,14.6,129.7,0,AIS_CLASS_A
477001017,V017,BACKGROUND VESSEL 17,2024-03-15T06:46:00Z,19.52359,65.30719,14.5,129.4,0,AIS_CLASS_A
477001017,V017,BACKGROUND VESSEL 17,2024-03-15T06:53:00Z,19.50553,65.32927,14.3,131.6,0,AIS_CLASS_A
477001017,V017,BACKGROUND VESSEL 17,2024-03-15T07:01:00Z,19.48441,65.35447,14.2,129.6,0,AIS_CLASS_A
477001017,V017,BACKGROUND VESSEL 17,2024-03-15T07:07:00Z,19.46979,65.3732,14.3,128.9,0,AIS_CLASS_A
477001017,V017,BACKGROUND VESSEL 17,2024-03-15T07:14:00Z,19.45153,65.39552,14.3,129.2,0,AIS_CLASS_A
477001017,V017,BACKGROUND VESSEL 17,2024-03-15T07:23:00Z,19.42863,65.42495,14.4,130.9,0,AIS_CLASS_A
477001017,V017,BACKGROUND VESSEL 17,2024-03-15T07:34:00Z,19.40044,65.46112,14.4,131.7,0,AIS_CLASS_A
477001017,V017,BACKGROUND VESSEL 17,2024-03-15T07:43:00Z,19.3788,65.48923,14.7,132.3,0,AIS_CLASS_A
477001017,V017,BACKGROUND VESSEL 17,2024-03-15T07:54:00Z,19.34542,65.52492,14.8,132.6,0,AIS_CLASS_A
477001017,V017,BACKGROUND VESSEL 17,2024-03-15T08:03:00Z,19.32071,65.55489,14.6,131.0,0,AIS_CLASS_A
477001017,V017,BACKGROUND VESSEL 17,2024-03-15T08:12:00Z,19.29761,65.58401,14.6,133.1,0,AIS_CLASS_A
477001017,V017,BACKGROUND VESSEL 17,2024-03-15T08:23:00Z,19.26662,65.6172,14.8,136.9,0,AIS_CLASS_A
477001017,V017,BACKGROUND VESSEL 17,2024-03-15T08:28:00Z,19.25111,65.63103,14.7,134.9,0,AIS_CLASS_A
477001017,V017,BACKGROUND VESSEL 17,2024-03-15T08:39:00Z,19.2201,65.66389,14.9,131.2,0,AIS_CLASS_A
477001017,V017,BACKGROUND VESSEL 17,2024-03-15T08:50:00Z,19.19045,65.70148,14.8,131.8,0,AIS_CLASS_A
477001017,V017,BACKGROUND VESSEL 17,2024-03-15T08:57:00Z,19.17197,65.72434,14.8,131.4,0,AIS_CLASS_A
477001017,V017,BACKGROUND VESSEL 17,2024-03-15T09:05:00Z,19.15091,65.74883,14.6,130.5,0,AIS_CLASS_A
477001017,V017,BACKGROUND VESSEL 17,2024-03-15T09:10:00Z,19.13611,65.76612,14.4,130.2,0,AIS_CLASS_A
477001017,V017,BACKGROUND VESSEL 17,2024-03-15T09:19:00Z,19.1143,65.79587,14.5,127.7,0,AIS_CLASS_A
477001017,V017,BACKGROUND VESSEL 17,2024-03-15T09:24:00Z,19.10268,65.81283,14.6,127.7,0,AIS_CLASS_A
477001017,V017,BACKGROUND VESSEL 17,2024-03-15T09:35:00Z,19.0757,65.84874,14.9,126.9,0,AIS_CLASS_A
477001017,V017,BACKGROUND VESSEL 17,2024-03-15T09:41:00Z,19.06171,65.87082,15.1,128.7,0,AIS_CLASS_A
477001017,V017,BACKGROUND VESSEL 17,2024-03-15T09:46:00Z,19.04879,65.88705,15.1,127.6,0,AIS_CLASS_A
477001017,V017,BACKGROUND VESSEL 17,2024-03-15T09:55:00Z,19.02631,65.91828,15.2,126.4,0,AIS_CLASS_A
477001017,V017,BACKGROUND VESSEL 17,2024-03-15T10:00:00Z,19.01248,65.93823,15.0,125.0,0,AIS_CLASS_A
477001017,V017,BACKGROUND VESSEL 17,2024-03-15T10:09:00Z,18.99003,65.97026,14.9,123.9,0,AIS_CLASS_A
477001017,V017,BACKGROUND VESSEL 17,2024-03-15T10:17:00Z,18.97292,65.99715,15.1,123.5,0,AIS_CLASS_A
477001017,V017,BACKGROUND VESSEL 17,2024-03-15T10:26:00Z,18.95174,66.02985,14.8,124.0,0,AIS_CLASS_A
477001017,V017,BACKGROUND VESSEL 17,2024-03-15T10:33:00Z,18.93564,66.05436,14.6,126.9,0,AIS_CLASS_A
477001017,V017,BACKGROUND VESSEL 17,2024-03-15T10:42:00Z,18.91471,66.08392,14.2,128.6,0,AIS_CLASS_A
477001017,V017,BACKGROUND VESSEL 17,2024-03-15T10:52:00Z,18.89006,66.11651,14.2,126.9,0,AIS_CLASS_A
477001017,V017,BACKGROUND VESSEL 17,2024-03-15T10:58:00Z,18.87468,66.13691,14.3,126.9,0,AIS_CLASS_A
477001017,V017,BACKGROUND VESSEL 17,2024-03-15T11:09:00Z,18.84974,66.17406,14.2,126.1,0,AIS_CLASS_A
477001017,V017,BACKGROUND VESSEL 17,2024-03-15T11:19:00Z,18.82591,66.20703,14.1,125.3,0,AIS_CLASS_A
477001017,V017,BACKGROUND VESSEL 17,2024-03-15T11:24:00Z,18.81549,66.22446,13.8,125.9,0,AIS_CLASS_A
477001017,V017,BACKGROUND VESSEL 17,2024-03-15T11:32:00Z,18.7978,66.25114,13.8,124.6,0,AIS_CLASS_A
477001017,V017,BACKGROUND VESSEL 17,2024-03-15T11:42:00Z,18.77474,66.28459,13.6,123.0,0,AIS_CLASS_A
477001017,V017,BACKGROUND VESSEL 17,2024-03-15T11:50:00Z,18.75589,66.31192,13.4,122.2,0,AIS_CLASS_A
477001017,V017,BACKGROUND VESSEL 17,2024-03-15T11:55:00Z,18.74442,66.32937,13.5,121.2,0,AIS_CLASS_A
477001018,V018,BACKGROUND VESSEL 18,2024-03-15T00:00:00Z,16.73964,59.69466,11.4,100.6,0,AIS_CLASS_A
477001018,V018,BACKGROUND VESSEL 18,2024-03-15T00:10:00Z,16.73329,59.72825,11.4,102.8,0,AIS_CLASS_A
477001018,V018,BACKGROUND VESSEL 18,2024-03-15T00:17:00Z,16.72808,59.75087,11.5,102.8,0,AIS_CLASS_A
477001018,V018,BACKGROUND VESSEL 18,2024-03-15T00:24:00Z,16.72461,59.77322,11.5,101.8,0,AIS_CLASS_A
477001018,V018,BACKGROUND VESSEL 18,2024-03-15T00:35:00Z,16.71847,59.8084,11.5,102.5,0,AIS_CLASS_A
477001018,V018,BACKGROUND VESSEL 18,2024-03-15T00:41:00Z,16.71555,59.82707,11.4,101.7,0,AIS_CLASS_A
477001018,V018,BACKGROUND VESSEL 18,2024-03-15T00:48:00Z,16.71068,59.85054,11.1,101.1,0,AIS_CLASS_A
477001018,V018,BACKGROUND VESSEL 18,2024-03-15T00:58:00Z,16.70528,59.88187,11.0,103.0,0,AIS_CLASS_A
477001018,V018,BACKGROUND VESSEL 18,2024-03-15T01:05:00Z,16.70204,59.90304,11.1,101.4,0,AIS_CLASS_A
477001018,V018,BACKGROUND VESSEL 18,2024-03-15T01:15:00Z,16.69705,59.93736,10.7,101.6,0,AIS_CLASS_A
477001018,V018,BACKGROUND VESSEL 18,2024-03-15T01:23:00Z,16.692,59.96174,10.8,100.9,0,AIS_CLASS_A
477001018,V018,BACKGROUND VESSEL 18,2024-03-15T01:34:00Z,16.68777,59.99642,10.7,101.4,0,AIS_CLASS_A
477001018,V018,BACKGROUND VESSEL 18,2024-03-15T01:40:00Z,16.68259,60.01378,10.9,103.0,0,AIS_CLASS_A
477001018,V018,BACKGROUND VESSEL 18,2024-03-15T01:49:00Z,16.67766,60.0416,10.6,105.2,0,AIS_CLASS_A
477001018,V018,BACKGROUND VESSEL 18,2024-03-15T02:00:00Z,16.66811,60.07422,10.8,104.0,0,AIS_CLASS_A
477001018,V018,BACKGROUND VESSEL 18,2024-03-15T02:09:00Z,16.66156,60.10027,10.7,102.6,0,AIS_CLASS_A
477001018,V018,BACKGROUND VESSEL 18,2024-03-15T02:14:00Z,16.65925,60.11471,10.8,103.5,0,AIS_CLASS_A
477001018,V018,BACKGROUND VESSEL 18,2024-03-15T02:20:00Z,16.65575,60.13265,10.9,103.7,0,AIS_CLASS_A
477001018,V018,BACKGROUND VESSEL 18,2024-03-15T02:31:00Z,16.64893,60.16575,10.7,102.5,0,AIS_CLASS_A
477001018,V018,BACKGROUND VESSEL 18,2024-03-15T02:40:00Z,16.64087,60.19211,10.3,103.2,0,AIS_CLASS_A
477001018,V018,BACKGROUND VESSEL 18,2024-03-15T02:48:00Z,16.63677,60.21675,10.3,105.6,0,AIS_CLASS_A
477001018,V018,BACKGROUND VESSEL 18,2024-03-15T02:55:00Z,16.63251,60.23717,10.3,104.8,0,AIS_CLASS_A
477001018,V018,BACKGROUND VESSEL 18,2024-03-15T03:05:00Z,16.62522,60.26587,10.5,106.2,0,AIS_CLASS_A
477001018,V018,BACKGROUND VESSEL 18,2024-03-15T03:12:00Z,16.62192,60.28687,10.6,106.3,0,AIS_CLASS_A
477001018,V018,BACKGROUND VESSEL 18,2024-03-15T03:19:00Z,16.61804,60.30481,10.9,107.5,0,AIS_CLASS_A
477001018,V018,BACKGROUND VESSEL 18,2024-03-15T03:28:00Z,16.61008,60.33062,11.0,107.9,0,AIS_CLASS_A
477001018,V018,BACKGROUND VESSEL 18,2024-03-15T03:34:00Z,16.60477,60.34716,10.9,107.2,0,AIS_CLASS_A
477001018,V018,BACKGROUND VESSEL 18,2024-03-15T03:40:00Z,16.5984,60.3651,10.8,107.7,0,AIS_CLASS_A
477001018,V018,BACKGROUND VESSEL 18,2024-03-15T03:47:00Z,16.59239,60.38743,10.5,107.4,0,AIS_CLASS_A
477001018,V018,BACKGROUND VESSEL 18,2024-03-15T03:58:00Z,16.58344,60.41871,10.6,107.5,0,AIS_CLASS_A
477001018,V018,BACKGROUND VESSEL 18,2024-03-15T04:08:00Z,16.57539,60.44897,10.7,108.7,0,AIS_CLASS_A
477001018,V018,BACKGROUND VESSEL 18,2024-03-15T04:13:00Z,16.57053,60.46332,10.5,108.4,0,AIS_CLASS_A
477001018,V018,BACKGROUND VESSEL 18,2024-03-15T04:19:00Z,16.564,60.47883,10.3,105.9,0,AIS_CLASS_A
477001018,V018,BACKGROUND VESSEL 18,2024-03-15T04:30:00Z,16.55596,60.5083,10.0,105.6,0,AIS_CLASS_A
477001018,V018,BACKGROUND VESSEL 18,2024-03-15T04:41:00Z,16.54649,60.53858,9.9,106.0,0,AIS_CLASS_A
477001018,V018,BACKGROUND VESSEL 18,2024-03-15T04:49:00Z,16.54153,60.56032,9.8,106.7,0,AIS_CLASS_A
477001018,V018,BACKGROUND VESSEL 18,2024-03-15T04:55:00Z,16.53576,60.57805,10.1,108.5,0,AIS_CLASS_A
477001018,V018,BACKGROUND VESSEL 18,2024-03-15T05:04:00Z,16.52711,60.60079,10.1,108.1,0,AIS_CLASS_A
477001018,V018,BACKGROUND VESSEL 18,2024-03-15T05:11:00Z,16.52233,60.62095,10.1,109.2,0,AIS_CLASS_A
477001018,V018,BACKGROUND VESSEL 18,2024-03-15T05:16:00Z,16.51721,60.63498,10.3,108.1,0,AIS_CLASS_A
477001018,V018,BACKGROUND VESSEL 18,2024-03-15T05:22:00Z,16.51345,60.65057,10.4,107.3,0,AIS_CLASS_A
477001018,V018,BACKGROUND VESSEL 18,2024-03-15T05:31:00Z,16.50512,60.67868,10.7,107.0,0,AIS_CLASS_A
477001018,V018,BACKGROUND VESSEL 18,2024-03-15T05:38:00Z,16.49863,60.69902,11.0,106.0,0,AIS_CLASS_A
477001018,V018,BACKGROUND VESSEL 18,2024-03-15T05:47:00Z,16.48976,60.7259,11.0,105.7,0,AIS_CLASS_A
477001018,V018,BACKGROUND VESSEL 18,2024-03-15T05:53:00Z,16.48586,60.74331,10.7,104.2,0,AIS_CLASS_A
477001018,V018,BACKGROUND VESSEL 18,2024-03-15T06:01:00Z,16.48023,60.76879,10.4,104.4,0,AIS_CLASS_A
477001018,V018,BACKGROUND VESSEL 18,2024-03-15T06:08:00Z,16.47506,60.7896,10.5,104.8,0,AIS_CLASS_A
477001018,V018,BACKGROUND VESSEL 18,2024-03-15T06:15:00Z,16.46922,60.80891,10.5,104.0,0,AIS_CLASS_A
477001018,V018,BACKGROUND VESSEL 18,2024-03-15T06:21:00Z,16.46636,60.82669,10.2,104.5,0,AIS_CLASS_A
477001018,V018,BACKGROUND VESSEL 18,2024-03-15T06:27:00Z,16.46182,60.84364,10.4,104.5,0,AIS_CLASS_A
477001018,V018,BACKGROUND VESSEL 18,2024-03-15T06:34:00Z,16.45791,60.86299,10.1,103.5,0,AIS_CLASS_A
477001018,V018,BACKGROUND VESSEL 18,2024-03-15T06:41:00Z,16.45211,60.88244,10.1,102.9,0,AIS_CLASS_A
477001018,V018,BACKGROUND VESSEL 18,2024-03-15T06:48:00Z,16.44738,60.90141,9.9,102.1,0,AIS_CLASS_A
477001018,V018,BACKGROUND VESSEL 18,2024-03-15T06:57:00Z,16.44219,60.92701,10.1,100.3,0,AIS_CLASS_A
477001018,V018,BACKGROUND VESSEL 18,2024-03-15T07:03:00Z,16.4394,60.94416,10.1,101.8,0,AIS_CLASS_A
477001018,V018,BACKGROUND VESSEL 18,2024-03-15T07:10:00Z,16.4363,60.96368,9.9,103.2,0,AIS_CLASS_A
477001018,V018,BACKGROUND VESSEL 18,2024-03-15T07:15:00Z,16.43405,60.97514,9.7,104.0,0,AIS_CLASS_A
477001018,V018,BACKGROUND VESSEL 18,2024-03-15T07:25:00Z,16.42593,61.0025,9.7,105.9,0,AIS_CLASS_A
477001018,V018,BACKGROUND VESSEL 18,2024-03-15T07:33:00Z,16.42134,61.02329,9.5,103.0,0,AIS_CLASS_A
477001018,V018,BACKGROUND VESSEL 18,2024-03-15T07:38:00Z,16.4173,61.03818,9.2,103.8,0,AIS_CLASS_A
477001018,V018,BACKGROUND VESSEL 18,2024-03-15T07:47:00Z,16.41051,61.06102,9.1,103.6,0,AIS_CLASS_A
477001018,V018,BACKGROUND VESSEL 18,2024-03-15T07:52:00Z,16.40812,61.0728,8.8,102.7,0,AIS_CLASS_A
477001018,V018,BACKGROUND VESSEL 18,2024-03-15T07:59:00Z,16.40544,61.09011,8.5,100.7,0,AIS_CLASS_A
477001018,V018,BACKGROUND VESSEL 18,2024-03-15T08:09:00Z,16.39958,61.11427,8.2,101.5,0,AIS_CLASS_A
477001018,V018,BACKGROUND VESSEL 18,2024-03-15T08:19:00Z,16.39377,61.13762,8.3,102.3,0,AIS_CLASS_A
477001018,V018,BACKGROUND VESSEL 18,2024-03-15T08:30:00Z,16.38783,61.16349,8.5,103.5,0,AIS_CLASS_A
477001018,V018,BACKGROUND VESSEL 18,2024-03-15T08:38:00Z,16.38412,61.18261,8.9,103.7,0,AIS_CLASS_A
477001018,V018,BACKGROUND VESSEL 18,2024-03-15T08:47:00Z,16.37858,61.20786,8.9,103.3,0,AIS_CLASS_A
477001018,V018,BACKGROUND VESSEL 18,2024-03-15T08:57:00Z,16.37152,61.233,8.6,103.0,0,AIS_CLASS_A
477001018,V018,BACKGROUND VESSEL 18,2024-03-15T09:06:00Z,16.36574,61.25717,8.7,104.0,0,AIS_CLASS_A
477001018,V018,BACKGROUND VESSEL 18,2024-03-15T09:13:00Z,16.36229,61.27244,9.0,104.1,0,AIS_CLASS_A
477001018,V018,BACKGROUND VESSEL 18,2024-03-15T09:18:00Z,16.35995,61.28448,9.3,101.6,0,AIS_CLASS_A
477001018,V018,BACKGROUND VESSEL 18,2024-03-15T09:24:00Z,16.3571,61.3006,9.3,102.2,0,AIS_CLASS_A
477001018,V018,BACKGROUND VESSEL 18,2024-03-15T09:32:00Z,16.35178,61.32207,9.3,102.6,0,AIS_CLASS_A
477001018,V018,BACKGROUND VESSEL 18,2024-03-15T09:43:00Z,16.34649,61.35234,9.4,104.3,0,AIS_CLASS_A
477001018,V018,BACKGROUND VESSEL 18,2024-03-15T09:51:00Z,16.3415,61.37304,9.3,105.4,0,AIS_CLASS_A
477001018,V018,BACKGROUND VESSEL 18,2024-03-15T10:02:00Z,16.33255,61.40126,9.2,107.8,0,AIS_CLASS_A
477001018,V018,BACKGROUND VESSEL 18,2024-03-15T10:11:00Z,16.32449,61.42489,9.5,106.0,0,AIS_CLASS_A
477001018,V018,BACKGROUND VESSEL 18,2024-03-15T10:17:00Z,16.3212,61.44258,9.7,109.1,0,AIS_CLASS_A
477001018,V018,BACKGROUND VESSEL 18,2024-03-15T10:26:00Z,16.31229,61.46657,9.5,106.9,0,AIS_CLASS_A
477001018,V018,BACKGROUND VESSEL 18,2024-03-15T10:33:00Z,16.30765,61.48563,9.9,108.9,0,AIS_CLASS_A
477001018,V018,BACKGROUND VESSEL 18,2024-03-15T10:42:00Z,16.29967,61.51034,9.7,109.1,0,AIS_CLASS_A
477001018,V018,BACKGROUND VESSEL 18,2024-03-15T10:50:00Z,16.29386,61.53387,9.7,107.2,0,AIS_CLASS_A
477001018,V018,BACKGROUND VESSEL 18,2024-03-15T10:59:00Z,16.28603,61.5592,9.5,108.4,0,AIS_CLASS_A
477001018,V018,BACKGROUND VESSEL 18,2024-03-15T11:06:00Z,16.28075,61.57658,9.3,108.2,0,AIS_CLASS_A
477001018,V018,BACKGROUND VESSEL 18,2024-03-15T11:14:00Z,16.27342,61.59645,9.5,107.5,0,AIS_CLASS_A
477001018,V018,BACKGROUND VESSEL 18,2024-03-15T11:19:00Z,16.268,61.61039,9.4,108.1,0,AIS_CLASS_A
477001018,V018,BACKGROUND VESSEL 18,2024-03-15T11:30:00Z,16.26157,61.63837,9.4,108.1,0,AIS_CLASS_A
477001018,V018,BACKGROUND VESSEL 18,2024-03-15T11:36:00Z,16.25586,61.65276,8.9,108.5,0,AIS_CLASS_A
477001018,V018,BACKGROUND VESSEL 18,2024-03-15T11:46:00Z,16.24745,61.67735,9.1,109.6,0,AIS_CLASS_A
477001018,V018,BACKGROUND VESSEL 18,2024-03-15T11:56:00Z,16.2402,61.70282,9.2,108.5,0,AIS_CLASS_A
477001019,V019,BACKGROUND VESSEL 19,2024-03-15T00:00:00Z,18.02278,63.2613,8.9,83.1,0,AIS_CLASS_A
477001019,V019,BACKGROUND VESSEL 19,2024-03-15T00:11:00Z,18.0248,63.29062,8.7,81.5,0,AIS_CLASS_A
477001019,V019,BACKGROUND VESSEL 19,2024-03-15T00:20:00Z,18.02868,63.31211,8.8,81.4,0,AIS_CLASS_A
477001019,V019,BACKGROUND VESSEL 19,2024-03-15T00:31:00Z,18.03389,63.3397,8.7,80.4,0,AIS_CLASS_A
477001019,V019,BACKGROUND VESSEL 19,2024-03-15T00:39:00Z,18.03863,63.36021,8.7,80.6,0,AIS_CLASS_A
477001019,V019,BACKGROUND VESSEL 19,2024-03-15T00:49:00Z,18.04235,63.38443,8.3,80.2,0,AIS_CLASS_A
477001019,V019,BACKGROUND VESSEL 19,2024-03-15T00:55:00Z,18.04373,63.39892,8.2,81.8,0,AIS_CLASS_A
477001019,V019,BACKGROUND VESSEL 19,2024-03-15T01:02:00Z,18.04485,63.41658,8.5,81.9,0,AIS_CLASS_A
477001019,V019,BACKGROUND VESSEL 19,2024-03-15T01:07:00Z,18.04665,63.42912,8.5,82.9,0,AIS_CLASS_A
477001019,V019,BACKGROUND VESSEL 19,2024-03-15T01:13:00Z,18.04865,63.44475,8.4,84.4,0,AIS_CLASS_A
477001019,V019,BACKGROUND VESSEL 19,2024-03-15T01:19:00Z,18.05113,63.45932,8.4,83.2,0,AIS_CLASS_A
477001019,V019,BACKGROUND VESSEL 19,2024-03-15T01:25:00Z,18.05245,63.47366,8.5,84.5,0,AIS_CLASS_A
477001019,V019,BACKGROUND VESSEL 19,2024-03-15T01:34:00Z,18.05501,63.49564,8.9,85.8,0,AIS_CLASS_A
477001019,V019,BACKGROUND VESSEL 19,2024-03-15T01:45:00Z,18.05353,63.52308,9.0,86.6,0,AIS_CLASS_A
477001019,V019,BACKGROUND VESSEL 19,2024-03-15T01:51:00Z,18.05403,63.53883,8.9,86.5,0,AIS_CLASS_A
477001019,V019,BACKGROUND VESSEL 19,2024-03-15T01:56:00Z,18.05452,63.5506,8.9,84.4,0,AIS_CLASS_A
477001019,V019,BACKGROUND VESSEL 19,2024-03-15T02:07:00Z,18.05673,63.57852,8.9,84.4,0,AIS_CLASS_A
477001019,V019,BACKGROUND VESSEL 19,2024-03-15T02:17:00Z,18.05827,63.60335,9.1,81.6,0,AIS_CLASS_A
477001019,V019,BACKGROUND VESSEL 19,2024-03-15T02:22:00Z,18.05904,63.61786,9.1,82.6,0,AIS_CLASS_A
477001019,V019,BACKGROUND VESSEL 19,2024-03-15T02:30:00Z,18.06272,63.63964,9.4,84.1,0,AIS_CLASS_A
477001019,V019,BACKGROUND VESSEL 19,2024-03-15T02:39:00Z,18.06382,63.66425,9.2,83.4,0,AIS_CLASS_A
477001019,V019,BACKGROUND VESSEL 19,2024-03-15T02:49:00Z,18.06765,63.69149,9.4,86.6,0,AIS_CLASS_A
477001019,V019,BACKGROUND VESSEL 19,2024-03-15T02:58:00Z,18.07069,63.71743,9.5,87.5,0,AIS_CLASS_A
477001019,V019,BACKGROUND VESSEL 19,2024-03-15T03:06:00Z,18.07136,63.73907,9.4,88.4,0,AIS_CLASS_A
477001019,V019,BACKGROUND VESSEL 19,2024-03-15T03:17:00Z,18.0724,63.76955,9.3,87.5,0,AIS_CLASS_A
477001019,V019,BACKGROUND VESSEL 19,2024-03-15T03:23:00Z,18.07532,63.78481,9.4,88.4,0,AIS_CLASS_A
477001019,V019,BACKGROUND VESSEL 19,2024-03-15T03:31:00Z,18.07678,63.80594,9.3,86.3,0,AIS_CLASS_A
477001019,V019,BACKGROUND VESSEL 19,2024-03-15T03:42:00Z,18.07868,63.83459,9.5,85.0,0,AIS_CLASS_A
477001019,V019,BACKGROUND VESSEL 19,2024-03-15T03:48:00Z,18.07887,63.85018,9.5,84.8,0,AIS_CLASS_A
477001019,V019,BACKGROUND VESSEL 19,2024-03-15T03:54:00Z,18.07997,63.86779,9.6,85.9,0,AIS_CLASS_A
477001019,V019,BACKGROUND VESSEL 19,2024-03-15T04:01:00Z,18.08189,63.88714,9.4,86.3,0,AIS_CLASS_A
477001019,V019,BACKGROUND VESSEL 19,2024-03-15T04:08:00Z,18.08493,63.90756,9.5,87.2,0,AIS_CLASS_A
477001019,V019,BACKGROUND VESSEL 19,2024-03-15T04:18:00Z,18.08628,63.93484,9.7,85.6,0,AIS_CLASS_A
477001019,V019,BACKGROUND VESSEL 19,2024-03-15T04:29:00Z,18.08875,63.96654,9.8,87.9,0,AIS_CLASS_A
477001019,V019,BACKGROUND VESSEL 19,2024-03-15T04:34:00Z,18.09097,63.98075,9.8,88.4,0,AIS_CLASS_A
477001019,V019,BACKGROUND VESSEL 19,2024-03-15T04:43:00Z,18.09018,64.00587,9.8,88.3,0,AIS_CLASS_A
477001019,V019,BACKGROUND VESSEL 19,2024-03-15T04:51:00Z,18.09115,64.02912,9.9,88.2,0,AIS_CLASS_A
477001019,V019,BACKGROUND VESSEL 19,2024-03-15T04:57:00Z,18.09308,64.0463,9.9,88.6,0,AIS_CLASS_A
477001019,V019,BACKGROUND VESSEL 19,2024-03-15T05:08:00Z,18.09475,64.07973,9.8,88.5,0,AIS_CLASS_A
477001019,V019,BACKGROUND VESSEL 19,2024-03-15T05:13:00Z,18.09652,64.09408,10.0,88.7,0,AIS_CLASS_A
477001019,V019,BACKGROUND VESSEL 19,2024-03-15T05:18:00Z,18.09669,64.10788,10.1,88.4,0,AIS_CLASS_A
477001019,V019,BACKGROUND VESSEL 19,2024-03-15T05:27:00Z,18.09797,64.13529,9.9,90.0,0,AIS_CLASS_A
477001019,V019,BACKGROUND VESSEL 19,2024-03-15T05:38:00Z,18.09718,64.1681,10.0,88.7,0,AIS_CLASS_A
477001019,V019,BACKGROUND VESSEL 19,2024-03-15T05:47:00Z,18.09724,64.19538,10.2,86.6,0,AIS_CLASS_A
477001019,V019,BACKGROUND VESSEL 19,2024-03-15T05:58:00Z,18.09932,64.22821,9.9,85.7,0,AIS_CLASS_A
477001019,V019,BACKGROUND VESSEL 19,2024-03-15T06:07:00Z,18.09983,64.25561,10.0,85.1,0,AIS_CLASS_A
477001019,V019,BACKGROUND VESSEL 19,2024-03-15T06:13:00Z,18.10012,64.27382,10.0,85.3,0,AIS_CLASS_A
477001019,V019,BACKGROUND VESSEL 19,2024-03-15T06:24:00Z,18.10283,64.30557,10.4,84.5,0,AIS_CLASS_A
477001019,V019,BACKGROUND VESSEL 19,2024-03-15T06:31:00Z,18.10541,64.32748,10.4,86.6,0,AIS_CLASS_A
477001019,V019,BACKGROUND VESSEL 19,2024-03-15T06:41:00Z,18.10911,64.35772,10.5,90.1,0,AIS_CLASS_A
477001019,V019,BACKGROUND VESSEL 19,2024-03-15T06:50:00Z,18.10913,64.38664,10.8,88.9,0,AIS_CLASS_A
477001019,V019,BACKGROUND VESSEL 19,2024-03-15T06:57:00Z,18.10839,64.41025,11.0,88.4,0,AIS_CLASS_A
477001019,V019,BACKGROUND VESSEL 19,2024-03-15T07:04:00Z,18.11122,64.43214,10.9,88.6,0,AIS_CLASS_A
477001019,V019,BACKGROUND VESSEL 19,2024-03-15T07:13:00Z,18.11182,64.46108,10.8,87.7,0,AIS_CLASS_A
477001019,V019,BACKGROUND VESSEL 19,2024-03-15T07:24:00Z,18.11268,64.49768,11.0,89.3,0,AIS_CLASS_A
477001019,V019,BACKGROUND VESSEL 19,2024-03-15T07:35:00Z,18.11425,64.53315,11.0,88.7,0,AIS_CLASS_A
477001019,V019,BACKGROUND VESSEL 19,2024-03-15T07:42:00Z,18.11479,64.55599,11.1,90.1,0,AIS_CLASS_A
477001019,V019,BACKGROUND VESSEL 19,2024-03-15T07:49:00Z,18.11649,64.57846,11.0,92.6,0,AIS_CLASS_A
477001019,V019,BACKGROUND VESSEL 19,2024-03-15T07:54:00Z,18.11493,64.59519,10.6,94.1,0,AIS_CLASS_A
477001019,V019,BACKGROUND VESSEL 19,2024-03-15T08:05:00Z,18.1113,64.62961,10.6,94.9,0,AIS_CLASS_A
477001019,V019,BACKGROUND VESSEL 19,2024-03-15T08:12:00Z,18.11021,64.65224,10.7,96.2,0,AIS_CLASS_A
477001019,V019,BACKGROUND VESSEL 19,2024-03-15T08:22:00Z,18.10903,64.68411,10.6,96.1,0,AIS_CLASS_A
477001019,V019,BACKGROUND VESSEL 19,2024-03-15T08:27:00Z,18.10701,64.69962,10.5,97.8,0,AIS_CLASS_A
477001019,V019,BACKGROUND VESSEL 19,2024-03-15T08:32:00Z,18.10415,64.71381,10.3,96.5,0,AIS_CLASS_A
477001019,V019,BACKGROUND VESSEL 19,2024-03-15T08:38:00Z,18.10046,64.73243,10.3,95.7,0,AIS_CLASS_A
477001019,V019,BACKGROUND VESSEL 19,2024-03-15T08:49:00Z,18.09812,64.764,10.2,94.1,0,AIS_CLASS_A
477001019,V019,BACKGROUND VESSEL 19,2024-03-15T08:56:00Z,18.09593,64.78518,10.3,93.8,0,AIS_CLASS_A
477001019,V019,BACKGROUND VESSEL 19,2024-03-15T09:03:00Z,18.0947,64.80743,10.3,93.7,0,AIS_CLASS_A
477001019,V019,BACKGROUND VESSEL 19,2024-03-15T09:11:00Z,18.0925,64.83242,10.0,95.0,0,AIS_CLASS_A
477001019,V019,BACKGROUND VESSEL 19,2024-03-15T09:20:00Z,18.08979,64.8604,9.7,94.6,0,AIS_CLASS_A
477001019,V019,BACKGROUND VESSEL 19,2024-03-15T09:31:00Z,18.08715,64.89087,9.7,94.6,0,AIS_CLASS_A
477001019,V019,BACKGROUND VESSEL 19,2024-03-15T09:36:00Z,18.08536,64.90478,9.8,95.0,0,AIS_CLASS_A
477001019,V019,BACKGROUND VESSEL 19,2024-03-15T09:43:00Z,18.08528,64.92502,9.8,93.3,0,AIS_CLASS_A
477001019,V019,BACKGROUND VESSEL 19,2024-03-15T09:51:00Z,18.08325,64.94811,9.7,93.3,0,AIS_CLASS_A
477001019,V019,BACKGROUND VESSEL 19,2024-03-15T10:00:00Z,18.08214,64.972,9.8,91.9,0,AIS_CLASS_A
477001019,V019,BACKGROUND VESSEL 19,2024-03-15T10:05:00Z,18.08139,64.98784,10.2,92.0,0,AIS_CLASS_A
477001019,V019,BACKGROUND VESSEL 19,2024-03-15T10:12:00Z,18.08156,65.00792,10.1,91.2,0,AIS_CLASS_A
477001019,V019,BACKGROUND VESSEL 19,2024-03-15T10:21:00Z,18.0809,65.03509,9.9,90.7,0,AIS_CLASS_A
477001019,V019,BACKGROUND VESSEL 19,2024-03-15T10:28:00Z,18.08027,65.05458,9.6,89.5,0,AIS_CLASS_A
477001019,V019,BACKGROUND VESSEL 19,2024-03-15T10:34:00Z,18.0815,65.0721,9.6,88.2,0,AIS_CLASS_A
477001019,V019,BACKGROUND VESSEL 19,2024-03-15T10:43:00Z,18.08185,65.09741,9.6,86.3,0,AIS_CLASS_A
477001019,V019,BACKGROUND VESSEL 19,2024-03-15T10:52:00Z,18.08269,65.12278,9.4,83.5,0,AIS_CLASS_A
477001019,V019,BACKGROUND VESSEL 19,2024-03-15T11:00:00Z,18.08413,65.14504,9.7,80.4,0,AIS_CLASS_A
477001019,V019,BACKGROUND VESSEL 19,2024-03-15T11:11:00Z,18.08961,65.17355,10.1,80.2,0,AIS_CLASS_A
477001019,V019,BACKGROUND VESSEL 19,2024-03-15T11:19:00Z,18.09374,65.19625,10.2,76.7,0,AIS_CLASS_A
477001019,V019,BACKGROUND VESSEL 19,2024-03-15T11:26:00Z,18.09916,65.21551,10.3,78.6,0,AIS_CLASS_A
477001019,V019,BACKGROUND VESSEL 19,2024-03-15T11:37:00Z,18.10541,65.24723,10.2,77.7,0,AIS_CLASS_A
477001019,V019,BACKGROUND VESSEL 19,2024-03-15T11:44:00Z,18.11059,65.26806,10.2,76.2,0,AIS_CLASS_A
477001019,V019,BACKGROUND VESSEL 19,2024-03-15T11:54:00Z,18.11825,65.29993,9.8,77.1,0,AIS_CLASS_A
477001020,V020,BACKGROUND VESSEL 20,2024-03-15T00:00:00Z,17.49046,65.73045,9.4,295.7,0,AIS_CLASS_A
477001020,V020,BACKGROUND VESSEL 20,2024-03-15T00:08:00Z,17.49888,65.71175,9.2,298.6,0,AIS_CLASS_A
477001020,V020,BACKGROUND VESSEL 20,2024-03-15T00:14:00Z,17.50689,65.69756,9.1,297.7,0,AIS_CLASS_A
477001020,V020,BACKGROUND VESSEL 20,2024-03-15T00:25:00Z,17.52005,65.67108,9.2,298.0,0,AIS_CLASS_A
477001020,V020,BACKGROUND VESSEL 20,2024-03-15T00:36:00Z,17.53248,65.64456,9.2,298.1,0,AIS_CLASS_A
477001020,V020,BACKGROUND VESSEL 20,2024-03-15T00:46:00Z,17.54487,65.62083,9.2,297.2,0,AIS_CLASS_A
477001020,V020,BACKGROUND VESSEL 20,2024-03-15T00:51:00Z,17.55158,65.60847,9.5,296.4,0,AIS_CLASS_A
477001020,V020,BACKGROUND VESSEL 20,2024-03-15T00:59:00Z,17.55977,65.58931,9.4,297.3,0,AIS_CLASS_A
477001020,V020,BACKGROUND VESSEL 20,2024-03-15T01:08:00Z,17.5692,65.56765,9.8,297.1,0,AIS_CLASS_A
477001020,V020,BACKGROUND VESSEL 20,2024-03-15T01:16:00Z,17.57973,65.54688,9.5,295.8,0,AIS_CLASS_A
477001020,V020,BACKGROUND VESSEL 20,2024-03-15T01:22:00Z,17.58807,65.53085,9.1,296.9,0,AIS_CLASS_A
477001020,V020,BACKGROUND VESSEL 20,2024-03-15T01:32:00Z,17.60033,65.50752,9.1,295.5,0,AIS_CLASS_A
477001020,V020,BACKGROUND VESSEL 20,2024-03-15T01:38:00Z,17.6072,65.49216,9.0,295.4,0,AIS_CLASS_A
477001020,V020,BACKGROUND VESSEL 20,2024-03-15T01:44:00Z,17.61504,65.47782,9.3,293.6,0,AIS_CLASS_A
477001020,V020,BACKGROUND VESSEL 20,2024-03-15T01:54:00Z,17.62366,65.45251,9.2,293.1,0,AIS_CLASS_A
477001020,V020,BACKGROUND VESSEL 20,2024-03-15T02:03:00Z,17.63328,65.4296,9.1,292.3,0,AIS_CLASS_A
477001020,V020,BACKGROUND VESSEL 20,2024-03-15T02:14:00Z,17.64413,65.40314,9.1,291.5,0,AIS_CLASS_A
477001020,V020,BACKGROUND VESSEL 20,2024-03-15T02:21:00Z,17.65097,65.38672,9.2,288.8,0,AIS_CLASS_A
477001020,V020,BACKGROUND VESSEL 20,2024-03-15T02:30:00Z,17.6575,65.36301,9.0,289.5,0,AIS_CLASS_A
477001020,V020,BACKGROUND VESSEL 20,2024-03-15T02:39:00Z,17.66585,65.34071,9.3,289.3,0,AIS_CLASS_A
477001020,V020,BACKGROUND VESSEL 20,2024-03-15T02:44:00Z,17.67103,65.32966,9.1,288.4,0,AIS_CLASS_A
477001020,V020,BACKGROUND VESSEL 20,2024-03-15T02:53:00Z,17.67888,65.30611,9.0,289.6,0,AIS_CLASS_A
477001020,V020,BACKGROUND VESSEL 20,2024-03-15T03:01:00Z,17.68541,65.2859,9.1,291.2,0,AIS_CLASS_A
477001020,V020,BACKGROUND VESSEL 20,2024-03-15T03:11:00Z,17.69514,65.26314,9.1,292.1,0,AIS_CLASS_A
477001020,V020,BACKGROUND VESSEL 20,2024-03-15T03:21:00Z,17.7036,65.23802,8.9,290.9,0,AIS_CLASS_A
477001020,V020,BACKGROUND VESSEL 20,2024-03-15T03:32:00Z,17.71347,65.21244,9.0,291.5,0,AIS_CLASS_A
477001020,V020,BACKGROUND VESSEL 20,2024-03-15T03:37:00Z,17.71676,65.20205,8.7,291.0,0,AIS_CLASS_A
477001020,V020,BACKGROUND VESSEL 20,2024-03-15T03:42:00Z,17.72279,65.18991,8.8,291.2,0,AIS_CLASS_A
477001020,V020,BACKGROUND VESSEL 20,2024-03-15T03:53:00Z,17.7333,65.16365,8.5,291.0,0,AIS_CLASS_A
477001020,V020,BACKGROUND VESSEL 20,2024-03-15T04:02:00Z,17.74023,65.14274,8.6,289.5,0,AIS_CLASS_A
477001020,V020,BACKGROUND VESSEL 20,2024-03-15T04:08:00Z,17.74408,65.12743,8.6,289.2,0,AIS_CLASS_A
477001020,V020,BACKGROUND VESSEL 20,2024-03-15T04:18:00Z,17.7504,65.10377,8.7,288.7,0,AIS_CLASS_A
477001020,V020,BACKGROUND VESSEL 20,2024-03-15T04:28:00Z,17.75915,65.07977,8.7,288.7,0,AIS_CLASS_A
477001020,V020,BACKGROUND VESSEL 20,2024-03-15T04:37:00Z,17.76536,65.0579,9.0,288.3,0,AIS_CLASS_A
477001020,V020,BACKGROUND VESSEL 20,2024-03-15T04:45:00Z,17.77296,65.03694,8.8,289.6,0,AIS_CLASS_A
477001020,V020,BACKGROUND VESSEL 20,2024-03-15T04:50:00Z,17.77699,65.02587,8.6,289.9,0,AIS_CLASS_A
477001020,V020,BACKGROUND VESSEL 20,2024-03-15T04:57:00Z,17.78313,65.00815,8.4,288.6,0,AIS_CLASS_A
477001020,V020,BACKGROUND VESSEL 20,2024-03-15T05:03:00Z,17.78832,64.99414,8.4,289.6,0,AIS_CLASS_A
477001020,V020,BACKGROUND VESSEL 20,2024-03-15T05:08:00Z,17.79086,64.98207,8.3,291.7,0,AIS_CLASS_A
477001020,V020,BACKGROUND VESSEL 20,2024-03-15T05:16:00Z,17.79861,64.96427,8.2,289.8,0,AIS_CLASS_A
477001020,V020,BACKGROUND VESSEL 20,2024-03-15T05:23:00Z,17.80449,64.94752,8.3,289.2,0,AIS_CLASS_A
477001020,V020,BACKGROUND VESSEL 20,2024-03-15T05:28:00Z,17.80813,64.9351,8.2,287.9,0,AIS_CLASS_A
477001020,V020,BACKGROUND VESSEL 20,2024-03-15T05:34:00Z,17.81061,64.92271,8.5,288.1,0,AIS_CLASS_A
477001020,V020,BACKGROUND VESSEL 20,2024-03-15T05:45:00Z,17.81812,64.8962,8.4,288.0,0,AIS_CLASS_A
477001020,V020,BACKGROUND VESSEL 20,2024-03-15T05:54:00Z,17.82504,64.87543,8.2,287.8,0,AIS_CLASS_A
477001020,V020,BACKGROUND VESSEL 20,2024-03-15T06:00:00Z,17.82881,64.86186,8.3,288.7,0,AIS_CLASS_A
477001020,V020,BACKGROUND VESSEL 20,2024-03-15T06:09:00Z,17.83686,64.84149,8.4,287.0,0,AIS_CLASS_A
477001020,V020,BACKGROUND VESSEL 20,2024-03-15T06:19:00Z,17.84607,64.81674,8.1,288.3,0,AIS_CLASS_A
477001020,V020,BACKGROUND VESSEL 20,2024-03-15T06:26:00Z,17.85101,64.80237,7.7,288.6,0,AIS_CLASS_A
477001020,V020,BACKGROUND VESSEL 20,2024-03-15T06:35:00Z,17.85703,64.78331,7.9,288.1,0,AIS_CLASS_A
477001020,V020,BACKGROUND VESSEL 20,2024-03-15T06:40:00Z,17.86172,64.77415,7.8,286.4,0,AIS_CLASS_A
477001020,V020,BACKGROUND VESSEL 20,2024-03-15T06:51:00Z,17.8696,64.74896,7.4,288.0,0,AIS_CLASS_A
477001020,V020,BACKGROUND VESSEL 20,2024-03-15T06:57:00Z,17.87502,64.73667,7.7,285.5,0,AIS_CLASS_A
477001020,V020,BACKGROUND VESSEL 20,2024-03-15T07:07:00Z,17.87996,64.71572,7.8,284.4,0,AIS_CLASS_A
477001020,V020,BACKGROUND VESSEL 20,2024-03-15T07:16:00Z,17.88563,64.69567,7.9,283.5,0,AIS_CLASS_A
477001020,V020,BACKGROUND VESSEL 20,2024-03-15T07:24:00Z,17.89031,64.67759,8.1,286.3,0,AIS_CLASS_A
477001020,V020,BACKGROUND VESSEL 20,2024-03-15T07:34:00Z,17.89626,64.65404,8.1,285.1,0,AIS_CLASS_A
477001020,V020,BACKGROUND VESSEL 20,2024-03-15T07:41:00Z,17.90079,64.63874,8.3,288.0,0,AIS_CLASS_A
477001020,V020,BACKGROUND VESSEL 20,2024-03-15T07:47:00Z,17.90514,64.62394,8.4,285.6,0,AIS_CLASS_A
477001020,V020,BACKGROUND VESSEL 20,2024-03-15T07:55:00Z,17.9088,64.60552,8.6,285.6,0,AIS_CLASS_A
477001020,V020,BACKGROUND VESSEL 20,2024-03-15T08:05:00Z,17.91396,64.58124,8.4,281.5,0,AIS_CLASS_A
477001020,V020,BACKGROUND VESSEL 20,2024-03-15T08:11:00Z,17.91761,64.56557,8.1,284.3,0,AIS_CLASS_A
477001020,V020,BACKGROUND VESSEL 20,2024-03-15T08:19:00Z,17.92097,64.54709,8.3,285.3,0,AIS_CLASS_A
477001020,V020,BACKGROUND VESSEL 20,2024-03-15T08:30:00Z,17.92674,64.52238,8.3,286.0,0,AIS_CLASS_A
477001020,V020,BACKGROUND VESSEL 20,2024-03-15T08:37:00Z,17.92884,64.50532,8.3,287.7,0,AIS_CLASS_A
477001020,V020,BACKGROUND VESSEL 20,2024-03-15T08:47:00Z,17.93537,64.48264,8.2,287.6,0,AIS_CLASS_A
477001020,V020,BACKGROUND VESSEL 20,2024-03-15T08:58:00Z,17.94297,64.45742,8.2,288.1,0,AIS_CLASS_A
477001020,V020,BACKGROUND VESSEL 20,2024-03-15T09:09:00Z,17.94959,64.43306,8.4,288.5,0,AIS_CLASS_A
477001020,V020,BACKGROUND VESSEL 20,2024-03-15T09:14:00Z,17.95304,64.42166,8.4,285.6,0,AIS_CLASS_A
477001020,V020,BACKGROUND VESSEL 20,2024-03-15T09:24:00Z,17.95829,64.39942,8.1,286.6,0,AIS_CLASS_A
477001020,V020,BACKGROUND VESSEL 20,2024-03-15T09:34:00Z,17.96495,64.37657,8.2,286.0,0,AIS_CLASS_A
477001020,V020,BACKGROUND VESSEL 20,2024-03-15T09:44:00Z,17.97248,64.35333,8.4,286.2,0,AIS_CLASS_A
477001020,V020,BACKGROUND VESSEL 20,2024-03-15T09:53:00Z,17.98034,64.33272,8.9,283.7,0,AIS_CLASS_A
477001020,V020,BACKGROUND VESSEL 20,2024-03-15T10:04:00Z,17.98738,64.30593,8.7,284.2,0,AIS_CLASS_A
477001020,V020,BACKGROUND VESSEL 20,2024-03-15T10:13:00Z,17.99284,64.28378,8.8,285.9,0,AIS_CLASS_A
477001020,V020,BACKGROUND VESSEL 20,2024-03-15T10:18:00Z,17.9959,64.27218,9.1,285.9,0,AIS_CLASS_A
477001020,V020,BACKGROUND VESSEL 20,2024-03-15T10:28:00Z,18.00021,64.24572,9.0,285.4,0,AIS_CLASS_A
477001020,V020,BACKGROUND VESSEL 20,2024-03-15T10:35:00Z,18.00445,64.2292,8.8,285.5,0,AIS_CLASS_A
477001020,V020,BACKGROUND VESSEL 20,2024-03-15T10:42:00Z,18.00957,64.20992,9.0,284.1,0,AIS_CLASS_A
477001020,V020,BACKGROUND VESSEL 20,2024-03-15T10:47:00Z,18.01249,64.19763,9.1,284.3,0,AIS_CLASS_A
477001020,V020,BACKGROUND VESSEL 20,2024-03-15T10:55:00Z,18.01821,64.1787,9.3,282.6,0,AIS_CLASS_A
477001020,V020,BACKGROUND VESSEL 20,2024-03-15T11:02:00Z,18.02412,64.16021,9.0,282.6,0,AIS_CLASS_A
477001020,V020,BACKGROUND VESSEL 20,2024-03-15T11:11:00Z,18.02806,64.13577,9.0,281.1,0,AIS_CLASS_A
477001020,V020,BACKGROUND VESSEL 20,2024-03-15T11:16:00Z,18.03152,64.12307,9.2,276.4,0,AIS_CLASS_A
477001020,V020,BACKGROUND VESSEL 20,2024-03-15T11:21:00Z,18.03261,64.10952,9.1,277.5,0,AIS_CLASS_A
477001020,V020,BACKGROUND VESSEL 20,2024-03-15T11:31:00Z,18.03854,64.08395,9.3,276.3,0,AIS_CLASS_A
477001020,V020,BACKGROUND VESSEL 20,2024-03-15T11:40:00Z,18.04103,64.05975,9.2,275.6,0,AIS_CLASS_A
477001020,V020,BACKGROUND VESSEL 20,2024-03-15T11:47:00Z,18.04225,64.03919,9.5,276.6,0,AIS_CLASS_A
477001020,V020,BACKGROUND VESSEL 20,2024-03-15T11:58:00Z,18.04415,64.00907,9.3,273.6,0,AIS_CLASS_A
477001021,V021,BACKGROUND VESSEL 21,2024-03-15T00:00:00Z,18.84512,67.90714,9.7,270.4,0,AIS_CLASS_A
477001021,V021,BACKGROUND VESSEL 21,2024-03-15T00:05:00Z,18.84509,67.89262,10.0,270.2,0,AIS_CLASS_A
477001021,V021,BACKGROUND VESSEL 21,2024-03-15T00:14:00Z,18.8455,67.86639,9.9,268.7,0,AIS_CLASS_A
477001021,V021,BACKGROUND VESSEL 21,2024-03-15T00:21:00Z,18.84442,67.84578,9.5,273.6,0,AIS_CLASS_A
477001021,V021,BACKGROUND VESSEL 21,2024-03-15T00:32:00Z,18.8467,67.81465,9.8,274.4,0,AIS_CLASS_A
477001021,V021,BACKGROUND VESSEL 21,2024-03-15T00:42:00Z,18.84947,67.78528,10.0,275.3,0,AIS_CLASS_A
477001021,V021,BACKGROUND VESSEL 21,2024-03-15T00:48:00Z,18.8513,67.76835,9.7,275.3,0,AIS_CLASS_A
477001021,V021,BACKGROUND VESSEL 21,2024-03-15T00:59:00Z,18.85449,67.73873,9.6,278.6,0,AIS_CLASS_A
477001021,V021,BACKGROUND VESSEL 21,2024-03-15T01:09:00Z,18.859,67.7101,9.9,276.9,0,AIS_CLASS_A
477001021,V021,BACKGROUND VESSEL 21,2024-03-15T01:20:00Z,18.8616,67.6796,10.0,274.3,0,AIS_CLASS_A
477001021,V021,BACKGROUND VESSEL 21,2024-03-15T01:31:00Z,18.86293,67.64688,9.8,273.0,0,AIS_CLASS_A
477001021,V021,BACKGROUND VESSEL 21,2024-03-15T01:38:00Z,18.86384,67.62718,9.7,274.9,0,AIS_CLASS_A
477001021,V021,BACKGROUND VESSEL 21,2024-03-15T01:47:00Z,18.86538,67.60023,9.9,277.2,0,AIS_CLASS_A
477001021,V021,BACKGROUND VESSEL 21,2024-03-15T01:58:00Z,18.86957,67.56726,9.9,276.5,0,AIS_CLASS_A
477001021,V021,BACKGROUND VESSEL 21,2024-03-15T02:08:00Z,18.87354,67.53899,9.4,274.3,0,AIS_CLASS_A
477001021,V021,BACKGROUND VESSEL 21,2024-03-15T02:15:00Z,18.87488,67.52027,9.8,273.7,0,AIS_CLASS_A
477001021,V021,BACKGROUND VESSEL 21,2024-03-15T02:22:00Z,18.87617,67.50192,9.8,275.1,0,AIS_CLASS_A
477001021,V021,BACKGROUND VESSEL 21,2024-03-15T02:33:00Z,18.8777,67.46874,9.8,273.8,0,AIS_CLASS_A
477001021,V021,BACKGROUND VESSEL 21,2024-03-15T02:41:00Z,18.87894,67.44579,10.0,273.5,0,AIS_CLASS_A
477001021,V021,BACKGROUND VESSEL 21,2024-03-15T02:51:00Z,18.8819,67.41625,9.7,273.1,0,AIS_CLASS_A
477001021,V021,BACKGROUND VESSEL 21,2024-03-15T02:59:00Z,18.883,67.39387,10.0,274.5,0,AIS_CLASS_A
477001021,V021,BACKGROUND VESSEL 21,2024-03-15T03:06:00Z,18.88177,67.37373,10.1,275.3,0,AIS_CLASS_A
477001021,V021,BACKGROUND VESSEL 21,2024-03-15T03:12:00Z,18.8827,67.35729,9.9,275.7,0,AIS_CLASS_A
477001021,V021,BACKGROUND VESSEL 21,2024-03-15T03:17:00Z,18.88572,67.34213,9.8,276.2,0,AIS_CLASS_A
477001021,V021,BACKGROUND VESSEL 21,2024-03-15T03:22:00Z,18.88864,67.32649,9.7,275.3,0,AIS_CLASS_A
477001021,V021,BACKGROUND VESSEL 21,2024-03-15T03:29:00Z,18.89105,67.30596,10.0,274.5,0,AIS_CLASS_A
477001021,V021,BACKGROUND VESSEL 21,2024-03-15T03:34:00Z,18.89227,67.29262,9.9,273.3,0,AIS_CLASS_A
477001021,V021,BACKGROUND VESSEL 21,2024-03-15T03:40:00Z,18.89391,67.27424,10.0,274.1,0,AIS_CLASS_A
477001021,V021,BACKGROUND VESSEL 21,2024-03-15T03:46:00Z,18.89537,67.25738,9.8,274.5,0,AIS_CLASS_A
477001021,V021,BACKGROUND VESSEL 21,2024-03-15T03:54:00Z,18.89704,67.23398,9.9,275.5,0,AIS_CLASS_A
477001021,V021,BACKGROUND VESSEL 21,2024-03-15T04:03:00Z,18.89933,67.20761,10.0,275.7,0,AIS_CLASS_A
477001021,V021,BACKGROUND VESSEL 21,2024-03-15T04:11:00Z,18.901,67.1839,10.1,274.2,0,AIS_CLASS_A
477001021,V021,BACKGROUND VESSEL 21,2024-03-15T04:18:00Z,18.90084,67.16287,10.3,275.7,0,AIS_CLASS_A
477001021,V021,BACKGROUND VESSEL 21,2024-03-15T04:29:00Z,18.90352,67.12818,9.9,277.5,0,AIS_CLASS_A
477001021,V021,BACKGROUND VESSEL 21,2024-03-15T04:36:00Z,18.90513,67.10902,9.7,279.0,0,AIS_CLASS_A
477001021,V021,BACKGROUND VESSEL 21,2024-03-15T04:46:00Z,18.91023,67.08075,9.6,280.7,0,AIS_CLASS_A
477001021,V021,BACKGROUND VESSEL 21,2024-03-15T04:57:00Z,18.91714,67.04994,9.7,280.3,0,AIS_CLASS_A
477001021,V021,BACKGROUND VESSEL 21,2024-03-15T05:03:00Z,18.91956,67.0338,9.6,281.4,0,AIS_CLASS_A
477001021,V021,BACKGROUND VESSEL 21,2024-03-15T05:12:00Z,18.92651,67.00666,9.5,282.7,0,AIS_CLASS_A
477001021,V021,BACKGROUND VESSEL 21,2024-03-15T05:21:00Z,18.93012,66.98187,9.4,283.9,0,AIS_CLASS_A
477001021,V021,BACKGROUND VESSEL 21,2024-03-15T05:27:00Z,18.93519,66.96574,9.4,284.3,0,AIS_CLASS_A
477001021,V021,BACKGROUND VESSEL 21,2024-03-15T05:34:00Z,18.9385,66.94641,9.4,284.6,0,AIS_CLASS_A
477001021,V021,BACKGROUND VESSEL 21,2024-03-15T05:45:00Z,18.94619,66.91515,9.7,284.4,0,AIS_CLASS_A
477001021,V021,BACKGROUND VESSEL 21,2024-03-15T05:55:00Z,18.95242,66.88579,10.2,285.4,0,AIS_CLASS_A
477001021,V021,BACKGROUND VESSEL 21,2024-03-15T06:04:00Z,18.95947,66.86061,10.5,284.5,0,AIS_CLASS_A
477001021,V021,BACKGROUND VESSEL 21,2024-03-15T06:14:00Z,18.96763,66.83047,10.5,286.7,0,AIS_CLASS_A
477001021,V021,BACKGROUND VESSEL 21,2024-03-15T06:24:00Z,18.97665,66.80152,10.3,288.6,0,AIS_CLASS_A
477001021,V021,BACKGROUND VESSEL 21,2024-03-15T06:35:00Z,18.98477,66.77145,10.8,287.2,0,AIS_CLASS_A
477001021,V021,BACKGROUND VESSEL 21,2024-03-15T06:46:00Z,18.99415,66.73872,10.8,285.9,0,AIS_CLASS_A
477001021,V021,BACKGROUND VESSEL 21,2024-03-15T06:55:00Z,19.00034,66.70892,11.0,283.8,0,AIS_CLASS_A
477001021,V021,BACKGROUND VESSEL 21,2024-03-15T07:00:00Z,19.00359,66.69363,11.0,284.9,0,AIS_CLASS_A
477001021,V021,BACKGROUND VESSEL 21,2024-03-15T07:05:00Z,19.00694,66.67926,10.8,282.6,0,AIS_CLASS_A
477001021,V021,BACKGROUND VESSEL 21,2024-03-15T07:16:00Z,19.0149,66.64584,10.7,284.3,0,AIS_CLASS_A
477001021,V021,BACKGROUND VESSEL 21,2024-03-15T07:23:00Z,19.01994,66.62363,10.7,285.2,0,AIS_CLASS_A
477001021,V021,BACKGROUND VESSEL 21,2024-03-15T07:30:00Z,19.02661,66.60225,10.6,286.6,0,AIS_CLASS_A
477001021,V021,BACKGROUND VESSEL 21,2024-03-15T07:39:00Z,19.03359,66.57542,10.4,286.8,0,AIS_CLASS_A
477001021,V021,BACKGROUND VESSEL 21,2024-03-15T07:48:00Z,19.03966,66.54852,10.8,285.9,0,AIS_CLASS_A
477001021,V021,BACKGROUND VESSEL 21,2024-03-15T07:56:00Z,19.04653,66.52567,10.5,287.1,0,AIS_CLASS_A
477001021,V021,BACKGROUND VESSEL 21,2024-03-15T08:02:00Z,19.05157,66.50747,11.0,288.6,0,AIS_CLASS_A
477001021,V021,BACKGROUND VESSEL 21,2024-03-15T08:13:00Z,19.06232,66.47318,11.1,290.9,0,AIS_CLASS_A
477001021,V021,BACKGROUND VESSEL 21,2024-03-15T08:19:00Z,19.0692,66.45554,11.4,290.7,0,AIS_CLASS_A
477001021,V021,BACKGROUND VESSEL 21,2024-03-15T08:30:00Z,19.08126,66.41827,11.2,292.3,0,AIS_CLASS_A
477001021,V021,BACKGROUND VESSEL 21,2024-03-15T08:35:00Z,19.08836,66.40316,11.2,295.7,0,AIS_CLASS_A
477001021,V021,BACKGROUND VESSEL 21,2024-03-15T08:44:00Z,19.09993,66.37705,11.4,295.5,0,AIS_CLASS_A
477001021,V021,BACKGROUND VESSEL 21,2024-03-15T08:49:00Z,19.10778,66.36173,11.5,293.8,0,AIS_CLASS_A
477001021,V021,BACKGROUND VESSEL 21,2024-03-15T08:56:00Z,19.1173,66.3406,11.4,296.4,0,AIS_CLASS_A
477001021,V021,BACKGROUND VESSEL 21,2024-03-15T09:04:00Z,19.1298,66.31586,11.5,295.2,0,AIS_CLASS_A
477001021,V021,BACKGROUND VESSEL 21,2024-03-15T09:11:00Z,19.14001,66.29519,11.4,296.2,0,AIS_CLASS_A
477001021,V021,BACKGROUND VESSEL 21,2024-03-15T09:19:00Z,19.15292,66.27126,11.9,294.7,0,AIS_CLASS_A
477001021,V021,BACKGROUND VESSEL 21,2024-03-15T09:25:00Z,19.16109,66.25239,12.1,293.6,0,AIS_CLASS_A
477001021,V021,BACKGROUND VESSEL 21,2024-03-15T09:36:00Z,19.17525,66.21512,12.0,295.3,0,AIS_CLASS_A
477001021,V021,BACKGROUND VESSEL 21,2024-03-15T09:44:00Z,19.18741,66.1895,12.0,294.0,0,AIS_CLASS_A
477001021,V021,BACKGROUND VESSEL 21,2024-03-15T09:49:00Z,19.19473,66.17292,11.8,293.5,0,AIS_CLASS_A
477001021,V021,BACKGROUND VESSEL 21,2024-03-15T09:59:00Z,19.20895,66.14094,12.2,293.0,0,AIS_CLASS_A
477001021,V021,BACKGROUND VESSEL 21,2024-03-15T10:05:00Z,19.21616,66.11919,12.2,293.5,0,AIS_CLASS_A
477001021,V021,BACKGROUND VESSEL 21,2024-03-15T10:11:00Z,19.22531,66.09967,12.0,293.9,0,AIS_CLASS_A
477001021,V021,BACKGROUND VESSEL 21,2024-03-15T10:16:00Z,19.23209,66.08279,11.8,291.6,0,AIS_CLASS_A
477001021,V021,BACKGROUND VESSEL 21,2024-03-15T10:21:00Z,19.23996,66.06622,11.6,291.3,0,AIS_CLASS_A
477001021,V021,BACKGROUND VESSEL 21,2024-03-15T10:27:00Z,19.24754,66.04429,11.4,290.8,0,AIS_CLASS_A
477001021,V021,BACKGROUND VESSEL 21,2024-03-15T10:36:00Z,19.25756,66.0163,11.0,290.2,0,AIS_CLASS_A
477001021,V021,BACKGROUND VESSEL 21,2024-03-15T10:46:00Z,19.26821,65.98612,11.3,287.7,0,AIS_CLASS_A
477001021,V021,BACKGROUND VESSEL 21,2024-03-15T10:52:00Z,19.27461,65.96658,11.1,287.7,0,AIS_CLASS_A
477001021,V021,BACKGROUND VESSEL 21,2024-03-15T10:59:00Z,19.27951,65.94498,10.8,285.4,0,AIS_CLASS_A
477001021,V021,BACKGROUND VESSEL 21,2024-03-15T11:04:00Z,19.28518,65.93178,10.8,286.0,0,AIS_CLASS_A
477001021,V021,BACKGROUND VESSEL 21,2024-03-15T11:12:00Z,19.29156,65.90652,10.9,286.7,0,AIS_CLASS_A
477001021,V021,BACKGROUND VESSEL 21,2024-03-15T11:23:00Z,19.3026,65.87164,11.3,285.5,0,AIS_CLASS_A
477001021,V021,BACKGROUND VESSEL 21,2024-03-15T11:31:00Z,19.30958,65.84532,11.6,284.9,0,AIS_CLASS_A
477001021,V021,BACKGROUND VESSEL 21,2024-03-15T11:37:00Z,19.31435,65.82429,11.7,281.4,0,AIS_CLASS_A
477001021,V021,BACKGROUND VESSEL 21,2024-03-15T11:42:00Z,19.31727,65.80832,12.0,278.2,0,AIS_CLASS_A
477001021,V021,BACKGROUND VESSEL 21,2024-03-15T11:50:00Z,19.32174,65.78051,12.2,278.3,0,AIS_CLASS_A
477001021,V021,BACKGROUND VESSEL 21,2024-03-15T11:58:00Z,19.32458,65.7522,12.3,280.6,0,AIS_CLASS_A
477001022,V022,BACKGROUND VESSEL 22,2024-03-15T00:00:00Z,17.34957,65.49122,9.2,240.9,0,AIS_CLASS_A
477001022,V022,BACKGROUND VESSEL 22,2024-03-15T00:07:00Z,17.34069,65.47346,9.2,242.5,0,AIS_CLASS_A
477001022,V022,BACKGROUND VESSEL 22,2024-03-15T00:12:00Z,17.335,65.46218,8.9,241.8,0,AIS_CLASS_A
477001022,V022,BACKGROUND VESSEL 22,2024-03-15T00:20:00Z,17.32442,65.4442,8.9,242.8,0,AIS_CLASS_A
477001022,V022,BACKGROUND VESSEL 22,2024-03-15T00:29:00Z,17.31355,65.4241,9.0,242.2,0,AIS_CLASS_A
477001022,V022,BACKGROUND VESSEL 22,2024-03-15T00:37:00Z,17.30215,65.40504,8.7,242.1,0,AIS_CLASS_A
477001022,V022,BACKGROUND VESSEL 22,2024-03-15T00:48:00Z,17.28957,65.37984,8.7,242.1,0,AIS_CLASS_A
477001022,V022,BACKGROUND VESSEL 22,2024-03-15T00:56:00Z,17.28051,65.36086,9.0,244.2,0,AIS_CLASS_A
477001022,V022,BACKGROUND VESSEL 22,2024-03-15T01:01:00Z,17.2743,65.34965,9.3,245.5,0,AIS_CLASS_A
477001022,V022,BACKGROUND VESSEL 22,2024-03-15T01:08:00Z,17.26754,65.33192,9.0,244.2,0,AIS_CLASS_A
477001022,V022,BACKGROUND VESSEL 22,2024-03-15T01:19:00Z,17.25669,65.30677,8.9,241.3,0,AIS_CLASS_A
477001022,V022,BACKGROUND VESSEL 22,2024-03-15T01:25:00Z,17.24918,65.29475,8.8,241.4,0,AIS_CLASS_A
477001022,V022,BACKGROUND VESSEL 22,2024-03-15T01:35:00Z,17.23892,65.27263,8.6,240.4,0,AIS_CLASS_A
477001022,V022,BACKGROUND VESSEL 22,2024-03-15T01:44:00Z,17.22606,65.25476,8.5,237.2,0,AIS_CLASS_A
477001022,V022,BACKGROUND VESSEL 22,2024-03-15T01:54:00Z,17.21267,65.23597,8.5,236.4,0,AIS_CLASS_A
477001022,V022,BACKGROUND VESSEL 22,2024-03-15T02:01:00Z,17.2039,65.22082,8.4,237.6,0,AIS_CLASS_A
477001022,V022,BACKGROUND VESSEL 22,2024-03-15T02:10:00Z,17.19366,65.20104,8.5,238.1,0,AIS_CLASS_A
477001022,V022,BACKGROUND VESSEL 22,2024-03-15T02:19:00Z,17.18267,65.18136,8.4,239.2,0,AIS_CLASS_A
477001022,V022,BACKGROUND VESSEL 22,2024-03-15T02:28:00Z,17.17229,65.162,8.3,238.6,0,AIS_CLASS_A
477001022,V022,BACKGROUND VESSEL 22,2024-03-15T02:35:00Z,17.16328,65.14853,8.4,237.6,0,AIS_CLASS_A
477001022,V022,BACKGROUND VESSEL 22,2024-03-15T02:46:00Z,17.14846,65.12776,8.4,237.1,0,AIS_CLASS_A
477001022,V022,BACKGROUND VESSEL 22,2024-03-15T02:51:00Z,17.14179,65.1159,8.3,238.1,0,AIS_CLASS_A
477001022,V022,BACKGROUND VESSEL 22,2024-03-15T02:56:00Z,17.13486,65.10358,7.9,236.7,0,AIS_CLASS_A
477001022,V022,BACKGROUND VESSEL 22,2024-03-15T03:01:00Z,17.1272,65.09486,8.4,238.4,0,AIS_CLASS_A
477001022,V022,BACKGROUND VESSEL 22,2024-03-15T03:08:00Z,17.11807,65.08017,8.3,238.4,0,AIS_CLASS_A
477001022,V022,BACKGROUND VESSEL 22,2024-03-15T03:15:00Z,17.10868,65.06773,8.2,237.8,0,AIS_CLASS_A
477001022,V022,BACKGROUND VESSEL 22,2024-03-15T03:21:00Z,17.10023,65.05542,8.2,239.4,0,AIS_CLASS_A
477001022,V022,BACKGROUND VESSEL 22,2024-03-15T03:31:00Z,17.08939,65.03417,8.3,241.1,0,AIS_CLASS_A
477001022,V022,BACKGROUND VESSEL 22,2024-03-15T03:42:00Z,17.07637,65.00927,8.7,240.2,0,AIS_CLASS_A
477001022,V022,BACKGROUND VESSEL 22,2024-03-15T03:53:00Z,17.06235,64.98532,9.0,242.2,0,AIS_CLASS_A
477001022,V022,BACKGROUND VESSEL 22,2024-03-15T04:00:00Z,17.05344,64.96984,8.5,243.3,0,AIS_CLASS_A
477001022,V022,BACKGROUND VESSEL 22,2024-03-15T04:05:00Z,17.04595,64.95807,8.8,245.2,0,AIS_CLASS_A
477001022,V022,BACKGROUND VESSEL 22,2024-03-15T04:13:00Z,17.03764,64.93964,9.1,246.0,0,AIS_CLASS_A
477001022,V022,BACKGROUND VESSEL 22,2024-03-15T04:24:00Z,17.02578,64.9124,9.1,245.9,0,AIS_CLASS_A
477001022,V022,BACKGROUND VESSEL 22,2024-03-15T04:29:00Z,17.0201,64.89976,9.2,245.4,0,AIS_CLASS_A
477001022,V022,BACKGROUND VESSEL 22,2024-03-15T04:36:00Z,17.01212,64.88305,9.3,245.5,0,AIS_CLASS_A
477001022,V022,BACKGROUND VESSEL 22,2024-03-15T04:43:00Z,17.00458,64.8662,9.1,247.8,0,AIS_CLASS_A
477001022,V022,BACKGROUND VESSEL 22,2024-03-15T04:50:00Z,16.99847,64.8476,8.8,245.9,0,AIS_CLASS_A
477001022,V022,BACKGROUND VESSEL 22,2024-03-15T05:01:00Z,16.98831,64.82112,8.9,245.8,0,AIS_CLASS_A
477001022,V022,BACKGROUND VESSEL 22,2024-03-15T05:12:00Z,16.9779,64.79545,8.7,244.9,0,AIS_CLASS_A
477001022,V022,BACKGROUND VESSEL 22,2024-03-15T05:19:00Z,16.9709,64.78035,8.8,245.6,0,AIS_CLASS_A
477001022,V022,BACKGROUND VESSEL 22,2024-03-15T05:28:00Z,16.96139,64.75939,8.9,243.9,0,AIS_CLASS_A
477001022,V022,BACKGROUND VESSEL 22,2024-03-15T05:33:00Z,16.95617,64.74789,8.9,243.9,0,AIS_CLASS_A
477001022,V022,BACKGROUND VESSEL 22,2024-03-15T05:43:00Z,16.94361,64.72593,8.8,246.3,0,AIS_CLASS_A
477001022,V022,BACKGROUND VESSEL 22,2024-03-15T05:49:00Z,16.93791,64.71275,8.9,248.4,0,AIS_CLASS_A
477001022,V022,BACKGROUND VESSEL 22,2024-03-15T05:56:00Z,16.93392,64.69759,8.5,248.7,0,AIS_CLASS_A
477001022,V022,BACKGROUND VESSEL 22,2024-03-15T06:02:00Z,16.9297,64.68503,8.9,247.9,0,AIS_CLASS_A
477001022,V022,BACKGROUND VESSEL 22,2024-03-15T06:11:00Z,16.91955,64.66143,9.0,246.2,0,AIS_CLASS_A
477001022,V022,BACKGROUND VESSEL 22,2024-03-15T06:16:00Z,16.91357,64.64971,9.3,245.1,0,AIS_CLASS_A
477001022,V022,BACKGROUND VESSEL 22,2024-03-15T06:22:00Z,16.90942,64.63566,9.8,248.4,0,AIS_CLASS_A
477001022,V022,BACKGROUND VESSEL 22,2024-03-15T06:31:00Z,16.89967,64.61103,9.6,248.6,0,AIS_CLASS_A
477001022,V022,BACKGROUND VESSEL 22,2024-03-15T06:39:00Z,16.89238,64.59015,9.7,249.2,0,AIS_CLASS_A
477001022,V022,BACKGROUND VESSEL 22,2024-03-15T06:44:00Z,16.88609,64.57617,9.6,249.1,0,AIS_CLASS_A
477001022,V022,BACKGROUND VESSEL 22,2024-03-15T06:54:00Z,16.87523,64.55102,9.8,250.3,0,AIS_CLASS_A
477001022,V022,BACKGROUND VESSEL 22,2024-03-15T07:05:00Z,16.86547,64.52067,9.8,248.3,0,AIS_CLASS_A
477001022,V022,BACKGROUND VESSEL 22,2024-03-15T07:13:00Z,16.8587,64.49983,10.3,249.0,0,AIS_CLASS_A
477001022,V022,BACKGROUND VESSEL 22,2024-03-15T07:18:00Z,16.85325,64.48551,10.4,249.9,0,AIS_CLASS_A
477001022,V022,BACKGROUND VESSEL 22,2024-03-15T07:24:00Z,16.84831,64.46971,10.0,251.5,0,AIS_CLASS_A
477001022,V022,BACKGROUND VESSEL 22,2024-03-15T07:30:00Z,16.84121,64.45247,10.0,251.6,0,AIS_CLASS_A
477001022,V022,BACKGROUND VESSEL 22,2024-03-15T07:41:00Z,16.8322,64.42256,10.3,251.9,0,AIS_CLASS_A
477001022,V022,BACKGROUND VESSEL 22,2024-03-15T07:47:00Z,16.82509,64.40596,10.4,252.0,0,AIS_CLASS_A
477001022,V022,BACKGROUND VESSEL 22,2024-03-15T07:54:00Z,16.81859,64.38537,10.4,251.9,0,AIS_CLASS_A
477001022,V022,BACKGROUND VESSEL 22,2024-03-15T08:00:00Z,16.81367,64.36751,10.7,253.0,0,AIS_CLASS_A
477001022,V022,BACKGROUND VESSEL 22,2024-03-15T08:09:00Z,16.80656,64.34051,10.5,253.9,0,AIS_CLASS_A
477001022,V022,BACKGROUND VESSEL 22,2024-03-15T08:16:00Z,16.80019,64.31834,10.6,253.1,0,AIS_CLASS_A
477001022,V022,BACKGROUND VESSEL 22,2024-03-15T08:22:00Z,16.79328,64.30123,10.9,252.1,0,AIS_CLASS_A
477001022,V022,BACKGROUND VESSEL 22,2024-03-15T08:32:00Z,16.78394,64.27241,10.8,248.9,0,AIS_CLASS_A
477001022,V022,BACKGROUND VESSEL 22,2024-03-15T08:41:00Z,16.77397,64.24434,10.9,248.8,0,AIS_CLASS_A
477001022,V022,BACKGROUND VESSEL 22,2024-03-15T08:50:00Z,16.76371,64.21818,11.0,247.3,0,AIS_CLASS_A
477001022,V022,BACKGROUND VESSEL 22,2024-03-15T08:59:00Z,16.75329,64.19436,11.0,246.9,0,AIS_CLASS_A
477001022,V022,BACKGROUND VESSEL 22,2024-03-15T09:07:00Z,16.74363,64.1697,10.8,247.3,0,AIS_CLASS_A
477001022,V022,BACKGROUND VESSEL 22,2024-03-15T09:18:00Z,16.7318,64.1377,11.0,244.7,0,AIS_CLASS_A
477001022,V022,BACKGROUND VESSEL 22,2024-03-15T09:23:00Z,16.72528,64.12334,11.0,243.2,0,AIS_CLASS_A
477001022,V022,BACKGROUND VESSEL 22,2024-03-15T09:32:00Z,16.7136,64.09812,11.2,243.7,0,AIS_CLASS_A
477001022,V022,BACKGROUND VESSEL 22,2024-03-15T09:40:00Z,16.70145,64.07452,10.8,244.6,0,AIS_CLASS_A
477001022,V022,BACKGROUND VESSEL 22,2024-03-15T09:48:00Z,16.6904,64.05116,10.7,244.7,0,AIS_CLASS_A
477001022,V022,BACKGROUND VESSEL 22,2024-03-15T09:57:00Z,16.67738,64.02477,11.1,244.0,0,AIS_CLASS_A
477001022,V022,BACKGROUND VESSEL 22,2024-03-15T10:02:00Z,16.66943,64.00939,11.4,241.5,0,AIS_CLASS_A
477001022,V022,BACKGROUND VESSEL 22,2024-03-15T10:11:00Z,16.65612,63.98364,11.5,241.1,0,AIS_CLASS_A
477001022,V022,BACKGROUND VESSEL 22,2024-03-15T10:19:00Z,16.6438,63.95886,11.1,242.8,0,AIS_CLASS_A
477001022,V022,BACKGROUND VESSEL 22,2024-03-15T10:28:00Z,16.63242,63.93288,11.1,241.8,0,AIS_CLASS_A
477001022,V022,BACKGROUND VESSEL 22,2024-03-15T10:33:00Z,16.62439,63.92024,10.7,240.5,0,AIS_CLASS_A
477001022,V022,BACKGROUND VESSEL 22,2024-03-15T10:40:00Z,16.61272,63.90115,10.9,237.5,0,AIS_CLASS_A
477001022,V022,BACKGROUND VESSEL 22,2024-03-15T10:51:00Z,16.59581,63.87134,11.0,238.1,0,AIS_CLASS_A
477001022,V022,BACKGROUND VESSEL 22,2024-03-15T11:02:00Z,16.57867,63.84134,11.1,236.6,0,AIS_CLASS_A
477001022,V022,BACKGROUND VESSEL 22,2024-03-15T11:12:00Z,16.56142,63.81387,11.0,236.1,0,AIS_CLASS_A
477001022,V022,BACKGROUND VESSEL 22,2024-03-15T11:17:00Z,16.55256,63.8,11.0,235.9,0,AIS_CLASS_A
477001022,V022,BACKGROUND VESSEL 22,2024-03-15T11:27:00Z,16.53516,63.77526,11.2,235.4,0,AIS_CLASS_A
477001022,V022,BACKGROUND VESSEL 22,2024-03-15T11:34:00Z,16.52231,63.75712,11.1,234.1,0,AIS_CLASS_A
477001022,V022,BACKGROUND VESSEL 22,2024-03-15T11:44:00Z,16.50555,63.73356,11.2,234.9,0,AIS_CLASS_A
477001022,V022,BACKGROUND VESSEL 22,2024-03-15T11:55:00Z,16.48547,63.70485,11.2,233.5,0,AIS_CLASS_A
477001023,V023,BACKGROUND VESSEL 23,2024-03-15T00:00:00Z,20.95887,64.03256,9.7,168.1,0,AIS_CLASS_A
477001023,V023,BACKGROUND VESSEL 23,2024-03-15T00:05:00Z,20.94514,64.03396,9.6,166.7,0,AIS_CLASS_A
477001023,V023,BACKGROUND VESSEL 23,2024-03-15T00:13:00Z,20.92435,64.03991,9.6,163.1,0,AIS_CLASS_A
477001023,V023,BACKGROUND VESSEL 23,2024-03-15T00:21:00Z,20.90364,64.04649,9.6,162.4,0,AIS_CLASS_A
477001023,V023,BACKGROUND VESSEL 23,2024-03-15T00:32:00Z,20.87541,64.05625,9.7,162.8,0,AIS_CLASS_A
477001023,V023,BACKGROUND VESSEL 23,2024-03-15T00:41:00Z,20.85232,64.06392,9.5,161.7,0,AIS_CLASS_A
477001023,V023,BACKGROUND VESSEL 23,2024-03-15T00:47:00Z,20.8369,64.06902,9.6,162.2,0,AIS_CLASS_A
477001023,V023,BACKGROUND VESSEL 23,2024-03-15T00:55:00Z,20.81515,64.07523,9.3,160.5,0,AIS_CLASS_A
477001023,V023,BACKGROUND VESSEL 23,2024-03-15T01:05:00Z,20.79098,64.08374,9.5,161.7,0,AIS_CLASS_A
477001023,V023,BACKGROUND VESSEL 23,2024-03-15T01:15:00Z,20.7673,64.09269,9.5,160.6,0,AIS_CLASS_A
477001023,V023,BACKGROUND VESSEL 23,2024-03-15T01:23:00Z,20.74895,64.10006,9.4,159.2,0,AIS_CLASS_A
477001023,V023,BACKGROUND VESSEL 23,2024-03-15T01:33:00Z,20.72452,64.11117,9.6,159.6,0,AIS_CLASS_A
477001023,V023,BACKGROUND VESSEL 23,2024-03-15T01:40:00Z,20.70714,64.11514,9.9,160.6,0,AIS_CLASS_A
477001023,V023,BACKGROUND VESSEL 23,2024-03-15T01:46:00Z,20.69091,64.12001,9.5,163.9,0,AIS_CLASS_A
477001023,V023,BACKGROUND VESSEL 23,2024-03-15T01:56:00Z,20.66533,64.12951,9.7,161.1,0,AIS_CLASS_A
477001023,V023,BACKGROUND VESSEL 23,2024-03-15T02:02:00Z,20.65014,64.13455,9.9,163.3,0,AIS_CLASS_A
477001023,V023,BACKGROUND VESSEL 23,2024-03-15T02:13:00Z,20.6212,64.14352,9.9,163.9,0,AIS_CLASS_A
477001023,V023,BACKGROUND VESSEL 23,2024-03-15T02:18:00Z,20.60815,64.14842,9.7,163.4,0,AIS_CLASS_A
477001023,V023,BACKGROUND VESSEL 23,2024-03-15T02:24:00Z,20.5929,64.15218,9.9,164.0,0,AIS_CLASS_A
477001023,V023,BACKGROUND VESSEL 23,2024-03-15T02:32:00Z,20.57307,64.15869,9.9,164.4,0,AIS_CLASS_A
477001023,V023,BACKGROUND VESSEL 23,2024-03-15T02:38:00Z,20.55723,64.16255,9.9,163.6,0,AIS_CLASS_A
477001023,V023,BACKGROUND VESSEL 23,2024-03-15T02:48:00Z,20.53095,64.17001,10.1,162.2,0,AIS_CLASS_A
477001023,V023,BACKGROUND VESSEL 23,2024-03-15T02:58:00Z,20.50438,64.17831,10.0,162.3,0,AIS_CLASS_A
477001023,V023,BACKGROUND VESSEL 23,2024-03-15T03:09:00Z,20.47394,64.18884,9.7,162.0,0,AIS_CLASS_A
477001023,V023,BACKGROUND VESSEL 23,2024-03-15T03:19:00Z,20.44778,64.19795,9.5,161.6,0,AIS_CLASS_A
477001023,V023,BACKGROUND VESSEL 23,2024-03-15T03:25:00Z,20.43215,64.2024,9.8,159.6,0,AIS_CLASS_A
477001023,V023,BACKGROUND VESSEL 23,2024-03-15T03:33:00Z,20.41328,64.20995,10.1,160.2,0,AIS_CLASS_A
477001023,V023,BACKGROUND VESSEL 23,2024-03-15T03:41:00Z,20.3921,64.21942,10.3,160.5,0,AIS_CLASS_A
477001023,V023,BACKGROUND VESSEL 23,2024-03-15T03:48:00Z,20.37307,64.22596,10.2,158.8,0,AIS_CLASS_A
477001023,V023,BACKGROUND VESSEL 23,2024-03-15T03:56:00Z,20.35154,64.23338,10.3,156.7,0,AIS_CLASS_A
477001023,V023,BACKGROUND VESSEL 23,2024-03-15T04:01:00Z,20.3377,64.2394,10.0,156.0,0,AIS_CLASS_A
477001023,V023,BACKGROUND VESSEL 23,2024-03-15T04:06:00Z,20.32471,64.2453,9.8,156.1,0,AIS_CLASS_A
477001023,V023,BACKGROUND VESSEL 23,2024-03-15T04:15:00Z,20.30282,64.25654,9.3,158.2,0,AIS_CLASS_A
477001023,V023,BACKGROUND VESSEL 23,2024-03-15T04:25:00Z,20.2778,64.26614,9.5,156.7,0,AIS_CLASS_A
477001023,V023,BACKGROUND VESSEL 23,2024-03-15T04:30:00Z,20.26643,64.27168,9.5,158.0,0,AIS_CLASS_A
477001023,V023,BACKGROUND VESSEL 23,2024-03-15T04:41:00Z,20.23967,64.28332,9.8,159.0,0,AIS_CLASS_A
477001023,V023,BACKGROUND VESSEL 23,2024-03-15T04:48:00Z,20.2219,64.28894,10.0,160.7,0,AIS_CLASS_A
477001023,V023,BACKGROUND VESSEL 23,2024-03-15T04:55:00Z,20.20386,64.29441,9.7,161.1,0,AIS_CLASS_A
477001023,V023,BACKGROUND VESSEL 23,2024-03-15T05:04:00Z,20.17997,64.30299,9.8,162.3,0,AIS_CLASS_A
477001023,V023,BACKGROUND VESSEL 23,2024-03-15T05:13:00Z,20.15747,64.31043,9.9,160.0,0,AIS_CLASS_A
477001023,V023,BACKGROUND VESSEL 23,2024-03-15T05:21:00Z,20.13674,64.31933,10.1,159.9,0,AIS_CLASS_A
477001023,V023,BACKGROUND VESSEL 23,2024-03-15T05:32:00Z,20.10749,64.33084,10.2,161.0,0,AIS_CLASS_A
477001023,V023,BACKGROUND VESSEL 23,2024-03-15T05:43:00Z,20.08063,64.34223,9.7,161.4,0,AIS_CLASS_A
477001023,V023,BACKGROUND VESSEL 23,2024-03-15T05:48:00Z,20.0682,64.34781,9.7,163.0,0,AIS_CLASS_A
477001023,V023,BACKGROUND VESSEL 23,2024-03-15T05:55:00Z,20.04966,64.35422,9.4,161.6,0,AIS_CLASS_A
477001023,V023,BACKGROUND VESSEL 23,2024-03-15T06:03:00Z,20.02953,64.3603,9.4,162.5,0,AIS_CLASS_A
477001023,V023,BACKGROUND VESSEL 23,2024-03-15T06:12:00Z,20.00827,64.36801,9.6,164.0,0,AIS_CLASS_A
477001023,V023,BACKGROUND VESSEL 23,2024-03-15T06:17:00Z,19.99511,64.37103,9.5,164.7,0,AIS_CLASS_A
477001023,V023,BACKGROUND VESSEL 23,2024-03-15T06:27:00Z,19.96919,64.38029,9.7,163.8,0,AIS_CLASS_A
477001023,V023,BACKGROUND VESSEL 23,2024-03-15T06:38:00Z,19.94086,64.38942,9.5,163.0,0,AIS_CLASS_A
477001023,V023,BACKGROUND VESSEL 23,2024-03-15T06:45:00Z,19.92367,64.3945,9.5,161.9,0,AIS_CLASS_A
477001023,V023,BACKGROUND VESSEL 23,2024-03-15T06:51:00Z,19.90877,64.39779,9.3,159.0,0,AIS_CLASS_A
477001023,V023,BACKGROUND VESSEL 23,2024-03-15T07:01:00Z,19.88563,64.40611,9.1,158.1,0,AIS_CLASS_A
477001023,V023,BACKGROUND VESSEL 23,2024-03-15T07:06:00Z,19.87429,64.41204,9.4,157.4,0,AIS_CLASS_A
477001023,V023,BACKGROUND VESSEL 23,2024-03-15T07:13:00Z,19.85774,64.42152,9.8,158.0,0,AIS_CLASS_A
477001023,V023,BACKGROUND VESSEL 23,2024-03-15T07:24:00Z,19.83089,64.43187,9.7,158.7,0,AIS_CLASS_A
477001023,V023,BACKGROUND VESSEL 23,2024-03-15T07:33:00Z,19.80883,64.44276,9.2,158.0,0,AIS_CLASS_A
477001023,V023,BACKGROUND VESSEL 23,2024-03-15T07:39:00Z,19.79481,64.44791,9.1,161.3,0,AIS_CLASS_A
477001023,V023,BACKGROUND VESSEL 23,2024-03-15T07:48:00Z,19.77215,64.45543,9.0,159.9,0,AIS_CLASS_A
477001023,V023,BACKGROUND VESSEL 23,2024-03-15T07:53:00Z,19.76126,64.45947,8.9,160.7,0,AIS_CLASS_A
477001023,V023,BACKGROUND VESSEL 23,2024-03-15T07:59:00Z,19.74815,64.46459,9.1,162.6,0,AIS_CLASS_A
477001023,V023,BACKGROUND VESSEL 23,2024-03-15T08:07:00Z,19.72732,64.47246,8.8,163.1,0,AIS_CLASS_A
477001023,V023,BACKGROUND VESSEL 23,2024-03-15T08:16:00Z,19.70559,64.47801,8.6,164.2,0,AIS_CLASS_A
477001023,V023,BACKGROUND VESSEL 23,2024-03-15T08:27:00Z,19.68066,64.48601,8.6,165.6,0,AIS_CLASS_A
477001023,V023,BACKGROUND VESSEL 23,2024-03-15T08:37:00Z,19.65734,64.49195,8.4,163.0,0,AIS_CLASS_A
477001023,V023,BACKGROUND VESSEL 23,2024-03-15T08:48:00Z,19.63174,64.50157,8.3,163.7,0,AIS_CLASS_A
477001023,V023,BACKGROUND VESSEL 23,2024-03-15T08:59:00Z,19.60792,64.50873,8.4,166.4,0,AIS_CLASS_A
477001023,V023,BACKGROUND VESSEL 23,2024-03-15T09:05:00Z,19.59581,64.51128,8.3,164.8,0,AIS_CLASS_A
477001023,V023,BACKGROUND VESSEL 23,2024-03-15T09:16:00Z,19.57169,64.5199,8.3,162.2,0,AIS_CLASS_A
477001023,V023,BACKGROUND VESSEL 23,2024-03-15T09:21:00Z,19.56094,64.52264,8.4,161.0,0,AIS_CLASS_A
477001023,V023,BACKGROUND VESSEL 23,2024-03-15T09:26:00Z,19.55136,64.52639,8.5,159.7,0,AIS_CLASS_A
477001023,V023,BACKGROUND VESSEL 23,2024-03-15T09:35:00Z,19.5305,64.53383,8.8,158.7,0,AIS_CLASS_A
477001023,V023,BACKGROUND VESSEL 23,2024-03-15T09:44:00Z,19.50926,64.543,8.7,159.4,0,AIS_CLASS_A
477001023,V023,BACKGROUND VESSEL 23,2024-03-15T09:51:00Z,19.49396,64.54847,8.8,159.5,0,AIS_CLASS_A
477001023,V023,BACKGROUND VESSEL 23,2024-03-15T09:57:00Z,19.48019,64.55414,8.7,159.5,0,AIS_CLASS_A
477001023,V023,BACKGROUND VESSEL 23,2024-03-15T10:04:00Z,19.46552,64.55998,8.9,158.0,0,AIS_CLASS_A
477001023,V023,BACKGROUND VESSEL 23,2024-03-15T10:13:00Z,19.44477,64.5686,8.9,158.2,0,AIS_CLASS_A
477001023,V023,BACKGROUND VESSEL 23,2024-03-15T10:21:00Z,19.42564,64.57693,9.0,157.2,0,AIS_CLASS_A
477001023,V023,BACKGROUND VESSEL 23,2024-03-15T10:31:00Z,19.40478,64.58757,9.1,159.4,0,AIS_CLASS_A
477001023,V023,BACKGROUND VESSEL 23,2024-03-15T10:42:00Z,19.37876,64.59871,8.9,159.0,0,AIS_CLASS_A
477001023,V023,BACKGROUND VESSEL 23,2024-03-15T10:50:00Z,19.36082,64.60636,8.9,157.3,0,AIS_CLASS_A
477001023,V023,BACKGROUND VESSEL 23,2024-03-15T10:56:00Z,19.34769,64.61286,9.0,155.5,0,AIS_CLASS_A
477001023,V023,BACKGROUND VESSEL 23,2024-03-15T11:07:00Z,19.32237,64.62688,9.1,154.7,0,AIS_CLASS_A
477001023,V023,BACKGROUND VESSEL 23,2024-03-15T11:16:00Z,19.30176,64.63793,9.0,156.1,0,AIS_CLASS_A
477001023,V023,BACKGROUND VESSEL 23,2024-03-15T11:25:00Z,19.2818,64.64718,9.4,156.4,0,AIS_CLASS_A
477001023,V023,BACKGROUND VESSEL 23,2024-03-15T11:33:00Z,19.26227,64.65863,9.6,159.8,0,AIS_CLASS_A
477001023,V023,BACKGROUND VESSEL 23,2024-03-15T11:41:00Z,19.24218,64.66576,10.1,159.8,0,AIS_CLASS_A
477001023,V023,BACKGROUND VESSEL 23,2024-03-15T11:48:00Z,19.22424,64.67291,10.0,161.8,0,AIS_CLASS_A
477001023,V023,BACKGROUND VESSEL 23,2024-03-15T11:53:00Z,19.21036,64.67702,10.3,162.6,0,AIS_CLASS_A
477001024,V024,BACKGROUND VESSEL 24,2024-03-15T00:00:00Z,18.5453,59.79373,10.3,243.3,0,AIS_CLASS_A
477001024,V024,BACKGROUND VESSEL 24,2024-03-15T00:10:00Z,18.53266,59.76491,10.5,243.8,0,AIS_CLASS_A
477001024,V024,BACKGROUND VESSEL 24,2024-03-15T00:18:00Z,18.52232,59.74233,10.5,247.2,0,AIS_CLASS_A
477001024,V024,BACKGROUND VESSEL 24,2024-03-15T00:28:00Z,18.51041,59.71332,10.4,245.2,0,AIS_CLASS_A
477001024,V024,BACKGROUND VESSEL 24,2024-03-15T00:34:00Z,18.50297,59.69838,10.8,246.7,0,AIS_CLASS_A
477001024,V024,BACKGROUND VESSEL 24,2024-03-15T00:39:00Z,18.49599,59.68415,10.6,245.3,0,AIS_CLASS_A
477001024,V024,BACKGROUND VESSEL 24,2024-03-15T00:50:00Z,18.48224,59.65219,10.5,243.7,0,AIS_CLASS_A
477001024,V024,BACKGROUND VESSEL 24,2024-03-15T00:57:00Z,18.47396,59.6314,10.6,243.0,0,AIS_CLASS_A
477001024,V024,BACKGROUND VESSEL 24,2024-03-15T01:02:00Z,18.46731,59.61682,10.3,243.9,0,AIS_CLASS_A
477001024,V024,BACKGROUND VESSEL 24,2024-03-15T01:11:00Z,18.45613,59.59184,10.3,244.2,0,AIS_CLASS_A
477001024,V024,BACKGROUND VESSEL 24,2024-03-15T01:20:00Z,18.44339,59.56564,10.1,246.7,0,AIS_CLASS_A
477001024,V024,BACKGROUND VESSEL 24,2024-03-15T01:30:00Z,18.43077,59.53882,10.1,248.3,0,AIS_CLASS_A
477001024,V024,BACKGROUND VESSEL 24,2024-03-15T01:36:00Z,18.42376,59.5219,9.8,248.5,0,AIS_CLASS_A
477001024,V024,BACKGROUND VESSEL 24,2024-03-15T01:42:00Z,18.41707,59.50572,9.7,249.0,0,AIS_CLASS_A
477001024,V024,BACKGROUND VESSEL 24,2024-03-15T01:49:00Z,18.41149,59.48641,9.8,249.4,0,AIS_CLASS_A
477001024,V024,BACKGROUND VESSEL 24,2024-03-15T01:55:00Z,18.40443,59.47028,10.0,250.6,0,AIS_CLASS_A
477001024,V024,BACKGROUND VESSEL 24,2024-03-15T02:00:00Z,18.39934,59.45882,10.0,252.1,0,AIS_CLASS_A
477001024,V024,BACKGROUND VESSEL 24,2024-03-15T02:10:00Z,18.3918,59.43095,10.0,252.6,0,AIS_CLASS_A
477001024,V024,BACKGROUND VESSEL 24,2024-03-15T02:16:00Z,18.38555,59.41504,10.1,250.8,0,AIS_CLASS_A
477001024,V024,BACKGROUND VESSEL 24,2024-03-15T02:26:00Z,18.37452,59.38832,9.8,250.5,0,AIS_CLASS_A
477001024,V024,BACKGROUND VESSEL 24,2024-03-15T02:32:00Z,18.3698,59.37203,9.7,250.6,0,AIS_CLASS_A
477001024,V024,BACKGROUND VESSEL 24,2024-03-15T02:43:00Z,18.3605,59.3438,9.8,251.5,0,AIS_CLASS_A
477001024,V024,BACKGROUND VESSEL 24,2024-03-15T02:52:00Z,18.35395,59.32006,9.8,250.0,0,AIS_CLASS_A
477001024,V024,BACKGROUND VESSEL 24,2024-03-15T03:03:00Z,18.34356,59.29112,9.7,247.5,0,AIS_CLASS_A
477001024,V024,BACKGROUND VESSEL 24,2024-03-15T03:09:00Z,18.33688,59.2766,9.5,244.3,0,AIS_CLASS_A
477001024,V024,BACKGROUND VESSEL 24,2024-03-15T03:19:00Z,18.3235,59.25175,9.7,243.2,0,AIS_CLASS_A
477001024,V024,BACKGROUND VESSEL 24,2024-03-15T03:27:00Z,18.31344,59.23172,9.6,242.6,0,AIS_CLASS_A
477001024,V024,BACKGROUND VESSEL 24,2024-03-15T03:36:00Z,18.30321,59.20932,9.6,243.7,0,AIS_CLASS_A
477001024,V024,BACKGROUND VESSEL 24,2024-03-15T03:46:00Z,18.29319,59.18245,9.6,242.6,0,AIS_CLASS_A
477001024,V024,BACKGROUND VESSEL 24,2024-03-15T03:56:00Z,18.28099,59.15654,9.7,244.1,0,AIS_CLASS_A
477001024,V024,BACKGROUND VESSEL 24,2024-03-15T04:05:00Z,18.26972,59.13267,9.9,242.8,0,AIS_CLASS_A
477001024,V024,BACKGROUND VESSEL 24,2024-03-15T04:12:00Z,18.26181,59.11409,10.2,240.1,0,AIS_CLASS_A
477001024,V024,BACKGROUND VESSEL 24,2024-03-15T04:20:00Z,18.2513,59.09319,9.9,236.7,0,AIS_CLASS_A
477001024,V024,BACKGROUND VESSEL 24,2024-03-15T04:29:00Z,18.23745,59.0723,9.7,237.2,0,AIS_CLASS_A
477001024,V024,BACKGROUND VESSEL 24,2024-03-15T04:38:00Z,18.2249,59.0495,10.0,240.3,0,AIS_CLASS_A
477001024,V024,BACKGROUND VESSEL 24,2024-03-15T04:44:00Z,18.2156,59.03446,10.0,239.6,0,AIS_CLASS_A
477001024,V024,BACKGROUND VESSEL 24,2024-03-15T04:53:00Z,18.20297,59.01184,9.8,239.9,0,AIS_CLASS_A
477001024,V024,BACKGROUND VESSEL 24,2024-03-15T05:03:00Z,18.18984,58.98719,9.7,239.6,0,AIS_CLASS_A
477001024,V024,BACKGROUND VESSEL 24,2024-03-15T05:08:00Z,18.18254,58.97369,10.2,240.3,0,AIS_CLASS_A
477001024,V024,BACKGROUND VESSEL 24,2024-03-15T05:16:00Z,18.17153,58.95441,10.7,240.4,0,AIS_CLASS_A
477001024,V024,BACKGROUND VESSEL 24,2024-03-15T05:27:00Z,18.15699,58.92366,10.4,241.3,0,AIS_CLASS_A
477001024,V024,BACKGROUND VESSEL 24,2024-03-15T05:34:00Z,18.14603,58.90575,10.4,240.2,0,AIS_CLASS_A
477001024,V024,BACKGROUND VESSEL 24,2024-03-15T05:43:00Z,18.1321,58.88291,10.7,239.7,0,AIS_CLASS_A
477001024,V024,BACKGROUND VESSEL 24,2024-03-15T05:49:00Z,18.12328,58.8676,11.0,239.2,0,AIS_CLASS_A
477001024,V024,BACKGROUND VESSEL 24,2024-03-15T05:56:00Z,18.1138,58.8492,10.9,238.5,0,AIS_CLASS_A
477001024,V024,BACKGROUND VESSEL 24,2024-03-15T06:02:00Z,18.10403,58.83206,11.0,238.4,0,AIS_CLASS_A
477001024,V024,BACKGROUND VESSEL 24,2024-03-15T06:11:00Z,18.08978,58.8072,10.6,239.5,0,AIS_CLASS_A
477001024,V024,BACKGROUND VESSEL 24,2024-03-15T06:21:00Z,18.07576,58.78117,10.6,238.8,0,AIS_CLASS_A
477001024,V024,BACKGROUND VESSEL 24,2024-03-15T06:31:00Z,18.06068,58.75609,10.5,240.0,0,AIS_CLASS_A
477001024,V024,BACKGROUND VESSEL 24,2024-03-15T06:40:00Z,18.0475,58.73172,10.4,242.9,0,AIS_CLASS_A
477001024,V024,BACKGROUND VESSEL 24,2024-03-15T06:45:00Z,18.04236,58.71851,10.2,240.5,0,AIS_CLASS_A
477001024,V024,BACKGROUND VESSEL 24,2024-03-15T06:52:00Z,18.03389,58.70229,10.1,239.4,0,AIS_CLASS_A
477001024,V024,BACKGROUND VESSEL 24,2024-03-15T07:02:00Z,18.01967,58.67633,10.0,236.7,0,AIS_CLASS_A
477001024,V024,BACKGROUND VESSEL 24,2024-03-15T07:10:00Z,18.00702,58.65631,9.8,235.8,0,AIS_CLASS_A
477001024,V024,BACKGROUND VESSEL 24,2024-03-15T07:15:00Z,18.00004,58.64517,9.5,234.6,0,AIS_CLASS_A
477001024,V024,BACKGROUND VESSEL 24,2024-03-15T07:22:00Z,17.98896,58.62721,9.1,235.6,0,AIS_CLASS_A
477001024,V024,BACKGROUND VESSEL 24,2024-03-15T07:29:00Z,17.97852,58.61218,8.8,233.5,0,AIS_CLASS_A
477001024,V024,BACKGROUND VESSEL 24,2024-03-15T07:37:00Z,17.96812,58.59568,9.0,233.8,0,AIS_CLASS_A
477001024,V024,BACKGROUND VESSEL 24,2024-03-15T07:46:00Z,17.95502,58.57614,8.7,231.8,0,AIS_CLASS_A
477001024,V024,BACKGROUND VESSEL 24,2024-03-15T07:51:00Z,17.94784,58.56772,8.7,233.6,0,AIS_CLASS_A
477001024,V024,BACKGROUND VESSEL 24,2024-03-15T08:01:00Z,17.93259,58.54614,8.7,234.3,0,AIS_CLASS_A
477001024,V024,BACKGROUND VESSEL 24,2024-03-15T08:09:00Z,17.92239,58.53058,8.4,234.7,0,AIS_CLASS_A
477001024,V024,BACKGROUND VESSEL 24,2024-03-15T08:20:00Z,17.90676,58.50836,8.3,231.1,0,AIS_CLASS_A
477001024,V024,BACKGROUND VESSEL 24,2024-03-15T08:25:00Z,17.898,58.49842,8.3,229.2,0,AIS_CLASS_A
477001024,V024,BACKGROUND VESSEL 24,2024-03-15T08:36:00Z,17.88171,58.47994,8.1,230.9,0,AIS_CLASS_A
477001024,V024,BACKGROUND VESSEL 24,2024-03-15T08:45:00Z,17.86892,58.46449,8.1,230.4,0,AIS_CLASS_A
477001024,V024,BACKGROUND VESSEL 24,2024-03-15T08:56:00Z,17.85118,58.44494,7.9,232.5,0,AIS_CLASS_A
477001024,V024,BACKGROUND VESSEL 24,2024-03-15T09:03:00Z,17.8434,58.43346,8.0,229.6,0,AIS_CLASS_A
477001024,V024,BACKGROUND VESSEL 24,2024-03-15T09:08:00Z,17.83391,58.42376,8.1,227.2,0,AIS_CLASS_A
477001024,V024,BACKGROUND VESSEL 24,2024-03-15T09:17:00Z,17.81981,58.40862,7.8,224.8,0,AIS_CLASS_A
477001024,V024,BACKGROUND VESSEL 24,2024-03-15T09:23:00Z,17.80964,58.39963,7.8,228.0,0,AIS_CLASS_A
477001024,V024,BACKGROUND VESSEL 24,2024-03-15T09:30:00Z,17.79831,58.38842,8.1,225.2,0,AIS_CLASS_A
477001024,V024,BACKGROUND VESSEL 24,2024-03-15T09:38:00Z,17.78432,58.37534,8.4,224.1,0,AIS_CLASS_A
477001024,V024,BACKGROUND VESSEL 24,2024-03-15T09:46:00Z,17.77303,58.36109,8.3,222.0,0,AIS_CLASS_A
477001024,V024,BACKGROUND VESSEL 24,2024-03-15T09:57:00Z,17.75426,58.34399,8.3,221.3,0,AIS_CLASS_A
477001024,V024,BACKGROUND VESSEL 24,2024-03-15T10:05:00Z,17.73959,58.33083,8.1,222.1,0,AIS_CLASS_A
477001024,V024,BACKGROUND VESSEL 24,2024-03-15T10:12:00Z,17.7272,58.3194,8.1,222.9,0,AIS_CLASS_A
477001024,V024,BACKGROUND VESSEL 24,2024-03-15T10:17:00Z,17.7186,58.31224,7.9,223.2,0,AIS_CLASS_A
477001024,V024,BACKGROUND VESSEL 24,2024-03-15T10:28:00Z,17.7011,58.29519,8.0,222.6,0,AIS_CLASS_A
477001024,V024,BACKGROUND VESSEL 24,2024-03-15T10:35:00Z,17.68973,58.28412,7.8,223.2,0,AIS_CLASS_A
477001024,V024,BACKGROUND VESSEL 24,2024-03-15T10:46:00Z,17.67231,58.26655,7.6,223.3,0,AIS_CLASS_A
477001024,V024,BACKGROUND VESSEL 24,2024-03-15T10:54:00Z,17.65963,58.25505,7.4,223.9,0,AIS_CLASS_A
477001024,V024,BACKGROUND VESSEL 24,2024-03-15T11:02:00Z,17.6485,58.24393,7.6,226.4,0,AIS_CLASS_A
477001024,V024,BACKGROUND VESSEL 24,2024-03-15T11:11:00Z,17.63618,58.23051,7.6,224.8,0,AIS_CLASS_A
477001024,V024,BACKGROUND VESSEL 24,2024-03-15T11:19:00Z,17.62332,58.21674,7.4,224.2,0,AIS_CLASS_A
477001024,V024,BACKGROUND VESSEL 24,2024-03-15T11:24:00Z,17.61494,58.2097,7.2,221.9,0,AIS_CLASS_A
477001024,V024,BACKGROUND VESSEL 24,2024-03-15T11:30:00Z,17.60474,58.19998,7.0,219.0,0,AIS_CLASS_A
477001024,V024,BACKGROUND VESSEL 24,2024-03-15T11:38:00Z,17.59166,58.19037,7.1,218.9,0,AIS_CLASS_A
477001024,V024,BACKGROUND VESSEL 24,2024-03-15T11:49:00Z,17.57635,58.1785,7.3,218.6,0,AIS_CLASS_A
477001024,V024,BACKGROUND VESSEL 24,2024-03-15T11:58:00Z,17.5634,58.1661,6.9,218.5,0,AIS_CLASS_A
477001025,V025,BACKGROUND VESSEL 25,2024-03-15T00:00:00Z,20.89148,68.76241,9.2,199.9,0,AIS_CLASS_A
477001025,V025,BACKGROUND VESSEL 25,2024-03-15T00:11:00Z,20.86462,68.75302,9.3,200.5,0,AIS_CLASS_A
477001025,V025,BACKGROUND VESSEL 25,2024-03-15T00:17:00Z,20.84999,68.74866,9.2,201.9,0,AIS_CLASS_A
477001025,V025,BACKGROUND VESSEL 25,2024-03-15T00:22:00Z,20.83942,68.74455,9.1,201.7,0,AIS_CLASS_A
477001025,V025,BACKGROUND VESSEL 25,2024-03-15T00:28:00Z,20.82623,68.73811,9.3,202.9,0,AIS_CLASS_A
477001025,V025,BACKGROUND VESSEL 25,2024-03-15T00:36:00Z,20.80664,68.73161,9.1,204.4,0,AIS_CLASS_A
477001025,V025,BACKGROUND VESSEL 25,2024-03-15T00:41:00Z,20.79532,68.72684,9.0,203.1,0,AIS_CLASS_A
477001025,V025,BACKGROUND VESSEL 25,2024-03-15T00:46:00Z,20.78332,68.7218,8.9,200.4,0,AIS_CLASS_A
477001025,V025,BACKGROUND VESSEL 25,2024-03-15T00:52:00Z,20.77053,68.7169,9.0,201.7,0,AIS_CLASS_A
477001025,V025,BACKGROUND VESSEL 25,2024-03-15T00:57:00Z,20.75744,68.71111,8.6,201.1,0,AIS_CLASS_A
477001025,V025,BACKGROUND VESSEL 25,2024-03-15T01:08:00Z,20.73129,68.69997,8.8,199.9,0,AIS_CLASS_A
477001025,V025,BACKGROUND VESSEL 25,2024-03-15T01:13:00Z,20.72017,68.6946,8.4,198.2,0,AIS_CLASS_A
477001025,V025,BACKGROUND VESSEL 25,2024-03-15T01:19:00Z,20.70839,68.68959,8.3,198.4,0,AIS_CLASS_A
477001025,V025,BACKGROUND VESSEL 25,2024-03-15T01:30:00Z,20.68647,68.68247,8.3,198.4,0,AIS_CLASS_A
477001025,V025,BACKGROUND VESSEL 25,2024-03-15T01:38:00Z,20.66921,68.67623,8.6,199.6,0,AIS_CLASS_A
477001025,V025,BACKGROUND VESSEL 25,2024-03-15T01:48:00Z,20.64558,68.66763,8.7,198.5,0,AIS_CLASS_A
477001025,V025,BACKGROUND VESSEL 25,2024-03-15T01:54:00Z,20.63133,68.66251,8.3,198.4,0,AIS_CLASS_A
477001025,V025,BACKGROUND VESSEL 25,2024-03-15T02:03:00Z,20.61254,68.65479,8.0,197.2,0,AIS_CLASS_A
477001025,V025,BACKGROUND VESSEL 25,2024-03-15T02:08:00Z,20.60366,68.64984,7.9,197.5,0,AIS_CLASS_A
477001025,V025,BACKGROUND VESSEL 25,2024-03-15T02:16:00Z,20.58659,68.64307,7.8,197.6,0,AIS_CLASS_A
477001025,V025,BACKGROUND VESSEL 25,2024-03-15T02:21:00Z,20.57668,68.64087,7.4,197.8,0,AIS_CLASS_A
477001025,V025,BACKGROUND VESSEL 25,2024-03-15T02:30:00Z,20.55806,68.63694,7.3,197.1,0,AIS_CLASS_A
477001025,V025,BACKGROUND VESSEL 25,2024-03-15T02:41:00Z,20.5363,68.63039,7.6,198.8,0,AIS_CLASS_A
477001025,V025,BACKGROUND VESSEL 25,2024-03-15T02:48:00Z,20.52093,68.62389,7.9,199.3,0,AIS_CLASS_A
477001025,V025,BACKGROUND VESSEL 25,2024-03-15T02:56:00Z,20.50461,68.61699,7.9,198.2,0,AIS_CLASS_A
477001025,V025,BACKGROUND VESSEL 25,2024-03-15T03:02:00Z,20.49183,68.61278,8.3,196.0,0,AIS_CLASS_A
477001025,V025,BACKGROUND VESSEL 25,2024-03-15T03:13:00Z,20.46846,68.606,8.0,196.3,0,AIS_CLASS_A
477001025,V025,BACKGROUND VESSEL 25,2024-03-15T03:24:00Z,20.44351,68.5972,8.0,197.1,0,AIS_CLASS_A
477001025,V025,BACKGROUND VESSEL 25,2024-03-15T03:29:00Z,20.43334,68.59196,8.1,199.4,0,AIS_CLASS_A
477001025,V025,BACKGROUND VESSEL 25,2024-03-15T03:34:00Z,20.4222,68.58882,8.3,200.2,0,AIS_CLASS_A
477001025,V025,BACKGROUND VESSEL 25,2024-03-15T03:43:00Z,20.40162,68.58043,8.1,201.6,0,AIS_CLASS_A
477001025,V025,BACKGROUND VESSEL 25,2024-03-15T03:51:00Z,20.38414,68.57334,8.2,200.5,0,AIS_CLASS_A
477001025,V025,BACKGROUND VESSEL 25,2024-03-15T04:01:00Z,20.36093,68.5659,8.1,195.9,0,AIS_CLASS_A
477001025,V025,BACKGROUND VESSEL 25,2024-03-15T04:10:00Z,20.34259,68.55992,8.1,196.7,0,AIS_CLASS_A
477001025,V025,BACKGROUND VESSEL 25,2024-03-15T04:16:00Z,20.32869,68.55563,8.1,193.6,0,AIS_CLASS_A
477001025,V025,BACKGROUND VESSEL 25,2024-03-15T04:27:00Z,20.30509,68.54914,8.2,193.3,0,AIS_CLASS_A
477001025,V025,BACKGROUND VESSEL 25,2024-03-15T04:34:00Z,20.29031,68.54554,8.2,193.0,0,AIS_CLASS_A
477001025,V025,BACKGROUND VESSEL 25,2024-03-15T04:40:00Z,20.27808,68.54282,8.3,192.8,0,AIS_CLASS_A
477001025,V025,BACKGROUND VESSEL 25,2024-03-15T04:50:00Z,20.25491,68.53672,8.1,192.4,0,AIS_CLASS_A
477001025,V025,BACKGROUND VESSEL 25,2024-03-15T04:57:00Z,20.2388,68.53109,8.3,191.7,0,AIS_CLASS_A
477001025,V025,BACKGROUND VESSEL 25,2024-03-15T05:06:00Z,20.21984,68.52731,8.3,192.7,0,AIS_CLASS_A
477001025,V025,BACKGROUND VESSEL 25,2024-03-15T05:12:00Z,20.20556,68.52427,8.3,193.2,0,AIS_CLASS_A
477001025,V025,BACKGROUND VESSEL 25,2024-03-15T05:17:00Z,20.19393,68.51914,8.0,193.6,0,AIS_CLASS_A
477001025,V025,BACKGROUND VESSEL 25,2024-03-15T05:23:00Z,20.18146,68.51789,7.8,194.7,0,AIS_CLASS_A
477001025,V025,BACKGROUND VESSEL 25,2024-03-15T05:28:00Z,20.17276,68.51643,8.0,193.4,0,AIS_CLASS_A
477001025,V025,BACKGROUND VESSEL 25,2024-03-15T05:35:00Z,20.15835,68.51342,8.1,195.2,0,AIS_CLASS_A
477001025,V025,BACKGROUND VESSEL 25,2024-03-15T05:45:00Z,20.1354,68.50774,7.9,193.7,0,AIS_CLASS_A
477001025,V025,BACKGROUND VESSEL 25,2024-03-15T05:55:00Z,20.11418,68.50151,7.8,193.2,0,AIS_CLASS_A
477001025,V025,BACKGROUND VESSEL 25,2024-03-15T06:04:00Z,20.09585,68.49528,7.8,192.7,0,AIS_CLASS_A
477001025,V025,BACKGROUND VESSEL 25,2024-03-15T06:12:00Z,20.07746,68.49124,7.7,193.1,0,AIS_CLASS_A
477001025,V025,BACKGROUND VESSEL 25,2024-03-15T06:17:00Z,20.06742,68.4903,7.5,191.8,0,AIS_CLASS_A
477001025,V025,BACKGROUND VESSEL 25,2024-03-15T06:23:00Z,20.05344,68.48641,7.7,192.1,0,AIS_CLASS_A
477001025,V025,BACKGROUND VESSEL 25,2024-03-15T06:32:00Z,20.03414,68.47987,7.4,188.8,0,AIS_CLASS_A
477001025,V025,BACKGROUND VESSEL 25,2024-03-15T06:37:00Z,20.02403,68.47884,7.5,189.5,0,AIS_CLASS_A
477001025,V025,BACKGROUND VESSEL 25,2024-03-15T06:42:00Z,20.01243,68.47534,7.6,188.8,0,AIS_CLASS_A
477001025,V025,BACKGROUND VESSEL 25,2024-03-15T06:53:00Z,19.98751,68.47082,7.5,189.2,0,AIS_CLASS_A
477001025,V025,BACKGROUND VESSEL 25,2024-03-15T07:02:00Z,19.96977,68.46726,7.8,192.5,0,AIS_CLASS_A
477001025,V025,BACKGROUND VESSEL 25,2024-03-15T07:09:00Z,19.95505,68.46409,7.9,191.9,0,AIS_CLASS_A
477001025,V025,BACKGROUND VESSEL 25,2024-03-15T07:19:00Z,19.93526,68.4597,7.6,192.4,0,AIS_CLASS_A
477001025,V025,BACKGROUND VESSEL 25,2024-03-15T07:24:00Z,19.92583,68.45805,7.2,189.1,0,AIS_CLASS_A
477001025,V025,BACKGROUND VESSEL 25,2024-03-15T07:30:00Z,19.9144,68.45612,7.1,188.5,0,AIS_CLASS_A
477001025,V025,BACKGROUND VESSEL 25,2024-03-15T07:38:00Z,19.89674,68.45537,7.4,187.7,0,AIS_CLASS_A
477001025,V025,BACKGROUND VESSEL 25,2024-03-15T07:49:00Z,19.8727,68.45273,7.6,189.1,0,AIS_CLASS_A
477001025,V025,BACKGROUND VESSEL 25,2024-03-15T07:56:00Z,19.85783,68.44933,7.5,189.3,0,AIS_CLASS_A
477001025,V025,BACKGROUND VESSEL 25,2024-03-15T08:03:00Z,19.84491,68.44683,7.5,187.9,0,AIS_CLASS_A
477001025,V025,BACKGROUND VESSEL 25,2024-03-15T08:11:00Z,19.8295,68.44381,7.6,186.7,0,AIS_CLASS_A
477001025,V025,BACKGROUND VESSEL 25,2024-03-15T08:20:00Z,19.81044,68.44055,7.6,187.4,0,AIS_CLASS_A
477001025,V025,BACKGROUND VESSEL 25,2024-03-15T08:28:00Z,19.79378,68.43756,7.7,185.3,0,AIS_CLASS_A
477001025,V025,BACKGROUND VESSEL 25,2024-03-15T08:34:00Z,19.78272,68.4355,7.3,185.3,0,AIS_CLASS_A
477001025,V025,BACKGROUND VESSEL 25,2024-03-15T08:41:00Z,19.76737,68.43398,7.3,186.4,0,AIS_CLASS_A
477001025,V025,BACKGROUND VESSEL 25,2024-03-15T08:52:00Z,19.74392,68.43282,7.5,186.2,0,AIS_CLASS_A
477001025,V025,BACKGROUND VESSEL 25,2024-03-15T09:00:00Z,19.72795,68.43092,7.7,185.5,0,AIS_CLASS_A
477001025,V025,BACKGROUND VESSEL 25,2024-03-15T09:09:00Z,19.71013,68.42879,7.4,188.2,0,AIS_CLASS_A
477001025,V025,BACKGROUND VESSEL 25,2024-03-15T09:19:00Z,19.69026,68.4251,7.4,189.4,0,AIS_CLASS_A
477001025,V025,BACKGROUND VESSEL 25,2024-03-15T09:29:00Z,19.66874,68.42061,7.5,189.3,0,AIS_CLASS_A
477001025,V025,BACKGROUND VESSEL 25,2024-03-15T09:39:00Z,19.64929,68.41711,7.7,188.8,0,AIS_CLASS_A
477001025,V025,BACKGROUND VESSEL 25,2024-03-15T09:50:00Z,19.62609,68.41483,7.6,186.5,0,AIS_CLASS_A
477001025,V025,BACKGROUND VESSEL 25,2024-03-15T10:01:00Z,19.60009,68.41012,7.7,184.2,0,AIS_CLASS_A
477001025,V025,BACKGROUND VESSEL 25,2024-03-15T10:12:00Z,19.57664,68.41147,7.6,184.5,0,AIS_CLASS_A
477001025,V025,BACKGROUND VESSEL 25,2024-03-15T10:17:00Z,19.56564,68.41107,7.5,185.0,0,AIS_CLASS_A
477001025,V025,BACKGROUND VESSEL 25,2024-03-15T10:22:00Z,19.55504,68.4077,7.5,182.2,0,AIS_CLASS_A
477001025,V025,BACKGROUND VESSEL 25,2024-03-15T10:29:00Z,19.53963,68.40762,7.3,182.1,0,AIS_CLASS_A
477001025,V025,BACKGROUND VESSEL 25,2024-03-15T10:37:00Z,19.52267,68.40684,7.6,182.0,0,AIS_CLASS_A
477001025,V025,BACKGROUND VESSEL 25,2024-03-15T10:42:00Z,19.51382,68.40528,7.5,182.4,0,AIS_CLASS_A
477001025,V025,BACKGROUND VESSEL 25,2024-03-15T10:49:00Z,19.50041,68.40437,7.4,181.2,0,AIS_CLASS_A
477001025,V025,BACKGROUND VESSEL 25,2024-03-15T10:55:00Z,19.48657,68.4042,7.4,181.3,0,AIS_CLASS_A
477001025,V025,BACKGROUND VESSEL 25,2024-03-15T11:02:00Z,19.47195,68.40439,7.2,180.2,0,AIS_CLASS_A
477001025,V025,BACKGROUND VESSEL 25,2024-03-15T11:12:00Z,19.4532,68.40486,7.4,181.1,0,AIS_CLASS_A
477001025,V025,BACKGROUND VESSEL 25,2024-03-15T11:18:00Z,19.44211,68.40499,7.3,182.7,0,AIS_CLASS_A
477001025,V025,BACKGROUND VESSEL 25,2024-03-15T11:26:00Z,19.42763,68.40367,7.2,183.5,0,AIS_CLASS_A
477001025,V025,BACKGROUND VESSEL 25,2024-03-15T11:33:00Z,19.41253,68.40451,7.2,181.8,0,AIS_CLASS_A
477001025,V025,BACKGROUND VESSEL 25,2024-03-15T11:41:00Z,19.39592,68.40408,7.4,181.6,0,AIS_CLASS_A
477001025,V025,BACKGROUND VESSEL 25,2024-03-15T11:52:00Z,19.37272,68.40346,7.0,179.6,0,AIS_CLASS_A
477001025,V025,BACKGROUND VESSEL 25,2024-03-15T11:59:00Z,19.35915,68.40421,7.2,181.7,0,AIS_CLASS_A
